Freq,Burst,Centrality,Sigma,PageRank,Keyword,Author,Year,Title,Source,Vol,Page,Half-life,ClusterID
7,,0.00,1.00,0.00,,West GB,2017,<html><b>...</b></html>,SCALE UNIVERSAL LAWS,0,0,1,-1
6,,0.00,1.00,0.00,,Cottineau C,2017,<html><b>...</b></html>,COMPUT ENVIRON URBAN,63,80,1,-1
4,,0.00,1.00,0.00,,Oliveira M,2017,<html><b>...</b></html>,PLOS ONE,12,0,1,-1
4,,0.00,1.00,0.00,,Gomez-lievano A,2017,<html><b>...</b></html>,NAT HUM BEHAV,1,0,1,-1
4,,0.00,1.00,0.00,,Caminha C,2017,<html><b>...</b></html>,PLOS ONE,12,0,1,-1
3,,0.00,1.00,0.00,,Facchini A,2017,<html><b>...</b></html>,APPL ENERG,186,86,1,-1
12,5.44,0.01,1.07,0.00,,Leitao JC,2016,<html><b>...</b></html>,ROY SOC OPEN SCI,3,0,2,-1
9,4.07,0.00,1.01,0.00,,Bettencourt LMA,2016,<html><b>...</b></html>,J R SOC INTERFACE,13,0,2,-1
8,,0.00,1.00,0.00,,Youn H,2016,<html><b>...</b></html>,J R SOC INTERFACE,13,0,2,-1
6,2.71,0.01,1.02,0.00,,Arcaute E,2016,<html><b>...</b></html>,ROY SOC OPEN SCI,3,0,2,-1
4,,0.00,1.00,0.00,,Ramaswami A,2016,<html><b>...</b></html>,SCIENCE,352,940,2,-1
4,,0.00,1.00,0.00,,Hanley QS,2016,<html><b>...</b></html>,PLOS ONE,11,0,2,-1
4,,0.00,1.00,0.00,,Fluschnik T,2016,<html><b>...</b></html>,ISPRS INT J GEO-INF,5,0,2,-1
3,,0.00,1.00,0.00,,van Raan AFJ,2016,<html><b>...</b></html>,PLOS ONE,11,0,2,-1
3,,0.00,1.00,0.00,,Mcphearson T,2016,<html><b>...</b></html>,BIOSCIENCE,66,198,2,-1
3,,0.04,1.00,0.00,,Henrich J,2016,<html><b>...</b></html>,SECRET OF OUR SUCCESS: HOW CULTURE IS DRIVING HUMAN EVOLUTION,0,0,0,-1
3,,0.01,1.00,0.00,,Henrich J,2016,<html><b>...</b></html>,P NATL ACAD SCI USA,113,0,1,-1
3,,0.00,1.00,0.00,,Cesaretti R,2016,<html><b>...</b></html>,PLOS ONE,11,0,2,-1
40,9.45,0.10,2.52,0.00,,Arcaute E,2015,<html><b>...</b></html>,J R SOC INTERFACE,12,0,2,-1
10,4.53,0.01,1.03,0.00,,Kennedy CA,2015,<html><b>...</b></html>,P NATL ACAD SCI USA,112,5985,2,-1
8,2.99,0.00,1.01,0.00,,Grauwin S,2015,<html><b>...</b></html>,GEOTECH ENVIRON,13,363,1,-1
7,,0.02,1.00,0.00,,Ortman SG,2015,<html><b>...</b></html>,SCI ADV,1,0,3,-1
7,,0.00,1.00,0.00,,Alves LGA,2015,<html><b>...</b></html>,PLOS ONE,10,0,3,-1
4,,0.00,1.00,0.00,,Steffen W,2015,<html><b>...</b></html>,ANTHROPOCENE REV,2,81,2,-1
4,,0.00,1.00,0.00,,Mohajeri N,2015,<html><b>...</b></html>,TRANSPORT RES D-TR E,35,116,2,-1
4,,0.00,1.00,0.00,,Dorsogna MR,2015,<html><b>...</b></html>,PHYS LIFE REV,12,1,3,-1
3,,0.00,1.00,0.00,,Steffen W,2015,<html><b>...</b></html>,SCIENCE,347,0,2,-1
3,,0.00,1.00,0.00,,Paldino S,2015,<html><b>...</b></html>,EPJ DATA SCI,4,0,1,-1
3,,0.00,1.00,0.00,,Murcio R,2015,<html><b>...</b></html>,PHYS REV E,92,0,2,-1
3,,0.01,1.00,0.00,,Creutzig F,2015,<html><b>...</b></html>,P NATL ACAD SCI USA,112,6283,3,-1
3,,0.00,1.00,0.00,,Alves LGA,2015,<html><b>...</b></html>,EPL-EUROPHYS LETT,111,0,2,-1
2,,0.00,1.00,0.00,,Zhao SQ,2015,<html><b>...</b></html>,ENVIRON SCI TECHNOL,49,9600,4,-1
2,,0.00,1.00,0.00,,Zhao SQ,2015,<html><b>...</b></html>,LANDSCAPE ECOL,30,1541,4,-1
2,,0.00,1.00,0.00,,Wu WJ,2015,<html><b>...</b></html>,LANDSCAPE URBAN PLAN,134,93,4,-1
36,4.80,0.03,1.15,0.00,,Schlapfer M,2014,<html><b>...</b></html>,J R SOC INTERFACE,11,0,3,-1
25,3.27,0.07,1.24,0.00,,Oliveira EA,2014,<html><b>...</b></html>,SCI REP-UK,4,0,2,-1
19,2.82,0.02,1.06,0.00,,Louf R,2014,<html><b>...</b></html>,SCI REP-UK,4,0,2,-1
18,,0.02,1.00,0.00,,Ortman SG,2014,<html><b>...</b></html>,PLOS ONE,9,0,2,-1
15,4.98,0.01,1.06,0.00,,United N,2014,<html><b>...</b></html>,WORLD URB PROSP 2014,0,0,3,-1
10,4.53,0.00,1.01,0.00,,Louf R,2014,<html><b>...</b></html>,ENVIRON PLANN B,41,767,4,-1
9,3.36,0.00,1.02,0.00,,Hawelka B,2014,<html><b>...</b></html>,CARTOGR GEOGR INF SC,41,260,2,-1
8,3.53,0.03,1.11,0.00,,Yakubo K,2014,<html><b>...</b></html>,PHYS REV E,90,0,4,-1
8,2.99,0.02,1.06,0.00,,Louail T,2014,<html><b>...</b></html>,SCI REP-UK,4,0,2,-1
6,2.71,0.01,1.03,0.00,,Piketty T,2014,<html><b>...</b></html>,CAPITAL 21 CENTURY,0,0,4,-1
6,,0.00,1.00,0.00,,Pei T,2014,<html><b>...</b></html>,INT J GEOGR INF SCI,28,1988,2,-1
6,2.71,0.03,1.09,0.00,,Louf R,2014,<html><b>...</b></html>,PLOS ONE,9,0,4,-1
6,,0.00,1.00,0.00,,Kung KS,2014,<html><b>...</b></html>,PLOS ONE,9,0,2,-1
6,2.71,0.02,1.06,0.00,,Jones C,2014,<html><b>...</b></html>,ENVIRON SCI TECHNOL,48,895,4,-1
6,2.75,0.05,1.13,0.00,,Bettencourt LMA,2014,<html><b>...</b></html>,SCI REP-UK,4,0,3,-1
5,,0.00,1.00,0.00,,Alves LGA,2014,<html><b>...</b></html>,PHYSICA A,409,175,4,-1
3,,0.00,1.00,0.00,,Tizzoni M,2014,<html><b>...</b></html>,PLOS COMPUT BIOL,10,0,1,-1
3,,0.00,1.00,0.00,,Seto KC,2014,<html><b>...</b></html>,CLIMATE CHANGE 2014: MITIGATION OF CLIMATE CHANGE,0,923,4,-1
3,,0.00,1.00,0.00,,Nomaler O,2014,<html><b>...</b></html>,PLOS ONE,9,0,2,-1
3,,0.00,1.00,0.00,,Melo HPM,2014,<html><b>...</b></html>,SCI REP-UK,4,0,1,-1
3,,0.00,1.00,0.00,,Louf R,2014,<html><b>...</b></html>,J R SOC INTERFACE,11,0,3,-1
3,,0.00,1.00,0.00,,Lenormand M,2014,<html><b>...</b></html>,PLOS ONE,9,0,1,-1
3,,0.01,1.00,0.00,,Kander A,2014,<html><b>...</b></html>,POWER PEOPLE ENERGY,0,0,2,-1
3,,0.01,1.00,0.00,,Costanza R,2014,<html><b>...</b></html>,GLOBAL ENVIRON CHANG,26,152,3,-1
3,,0.00,1.00,0.00,,Amini A,2014,<html><b>...</b></html>,EPJ DATA SCI,3,0,2,-1
2,,0.00,1.00,0.00,,Qu WY,2014,<html><b>...</b></html>,URBAN ECOSYST,17,723,5,-1
2,,0.00,1.00,0.00,,Kuang WH,2014,<html><b>...</b></html>,LANDSCAPE URBAN PLAN,132,121,5,-1
142,14.20,0.11,4.22,0.00,,Bettencourt LMA,2013,<html><b>...</b></html>,SCIENCE,340,1438,3,-1
36,6.44,0.06,1.44,0.00,,Batty M,2013,<html><b>...</b></html>,NEW SCI CITIES,0,0,4,-1
34,3.20,0.24,1.97,0.00,,Fragkias M,2013,<html><b>...</b></html>,PLOS ONE,8,0,4,-1
26,3.48,0.11,1.43,0.00,,Pan W,2013,<html><b>...</b></html>,NAT COMMUN,4,0,3,-1
25,4.13,0.01,1.06,0.00,,Lobo J,2013,<html><b>...</b></html>,PLOS ONE,8,0,3,-1
19,,0.01,1.00,0.00,,Alves LGA,2013,<html><b>...</b></html>,PLOS ONE,8,0,4,-1
16,,0.01,1.00,0.00,,Batty M,2013,<html><b>...</b></html>,SCIENCE,340,1418,4,-1
8,,0.01,1.00,0.00,,Alves LGA,2013,<html><b>...</b></html>,PHYSICA A,392,2672,2,-1
7,,0.01,1.00,0.00,,Louf R,2013,<html><b>...</b></html>,PHYS REV LETT,111,0,2,-1
4,,0.00,1.00,0.00,,Strano E,2013,<html><b>...</b></html>,ENVIRON PLANN B,40,1071,4,-1
4,,0.00,1.00,0.00,,Rybski D,2013,<html><b>...</b></html>,PHYS REV E,87,0,2,-1
4,,0.00,1.00,0.00,,Frolking S,2013,<html><b>...</b></html>,ENVIRON RES LETT,8,0,2,-1
4,,0.00,1.00,0.00,,Derex M,2013,<html><b>...</b></html>,NATURE,503,389,3,-1
3,,0.00,1.00,0.00,,Wiedenhofer D,2013,<html><b>...</b></html>,ENERG POLICY,63,696,3,-1
3,,0.01,1.00,0.00,,Swilling M,2013,<html><b>...</b></html>,CITY LEVEL DECOUPLIN,0,0,4,-1
3,,0.00,1.00,0.00,,Sole RV,2013,<html><b>...</b></html>,COMPLEXITY,18,15,3,-1
3,,0.00,1.00,0.00,,Sobolevsky S,2013,<html><b>...</b></html>,PLOS ONE,8,0,3,-1
3,,0.00,1.00,0.00,,Schneider CM,2013,<html><b>...</b></html>,J R SOC INTERFACE,10,0,2,-1
3,,0.00,1.00,0.00,,Nevens F,2013,<html><b>...</b></html>,J CLEAN PROD,50,111,3,-1
3,,0.00,1.00,0.00,,Minx J,2013,<html><b>...</b></html>,ENVIRON RES LETT,8,0,5,-1
3,,0.01,1.00,0.00,,Marcotullio PJ,2013,<html><b>...</b></html>,CLIMATIC CHANGE,121,621,4,-1
3,,0.00,1.00,0.00,,Lamsal LN,2013,<html><b>...</b></html>,ENVIRON SCI TECHNOL,47,7855,3,-1
3,,0.00,1.00,0.00,,Kubiszewski I,2013,<html><b>...</b></html>,ECOL ECON,93,57,3,-1
3,,0.00,1.00,0.00,,Brockmann D,2013,<html><b>...</b></html>,SCIENCE,342,1337,2,-1
3,,0.00,1.00,0.00,,Bettencourt LMA,2013,<html><b>...</b></html>,HYPOTHESIS URBAN SCA,0,0,3,-1
3,,0.00,1.00,0.00,,Bettencourt LMA,2013,<html><b>...</b></html>,2013010037 SFI,0,37,5,-1
3,,0.00,1.00,0.00,,Bettencourt L,2013,<html><b>...</b></html>,ARXIV13015919,0,0,5,-1
33,,0.14,1.00,0.00,,Gomez-lievano A,2012,<html><b>...</b></html>,PLOS ONE,7,0,4,-1
15,3.81,0.02,1.08,0.00,,Simini F,2012,<html><b>...</b></html>,NATURE,484,96,3,-1
13,2.89,0.04,1.11,0.00,,Strano E,2012,<html><b>...</b></html>,SCI REP-UK,2,0,2,-1
11,,0.02,1.00,0.00,,Seto KC,2012,<html><b>...</b></html>,P NATL ACAD SCI USA,109,7687,3,-1
10,3.74,0.00,1.01,0.00,,Noulas A,2012,<html><b>...</b></html>,PLOS ONE,7,0,4,-1
7,,0.00,1.00,0.00,,Batty M,2012,<html><b>...</b></html>,CITIES,29,0,6,-1
6,,0.00,1.00,0.00,,Seto KC,2012,<html><b>...</b></html>,P NATL ACAD SCI USA,109,16083,6,-1
5,,0.00,1.00,0.00,,Scheffer M,2012,<html><b>...</b></html>,SCIENCE,338,344,2,-1
5,,0.00,1.00,0.00,,Portugali J,2012,<html><b>...</b></html>,COMPLEXITY THEORIES,0,0,5,-1
4,,0.00,1.00,0.00,,UN,2012,<html><b>...</b></html>,WORLD URB PROSP 2011,0,0,3,-1
4,,0.00,1.00,0.00,,Makido Y,2012,<html><b>...</b></html>,URBAN CLIM,2,55,5,-1
4,,0.00,1.00,0.00,,Cristelli M,2012,<html><b>...</b></html>,SCI REP-UK,2,0,3,-1
3,,0.00,1.00,0.00,,Vespignani A,2012,<html><b>...</b></html>,NAT PHYS,8,32,3,-1
3,,0.00,1.00,0.00,,Stumpf MPH,2012,<html><b>...</b></html>,SCIENCE,335,665,3,-1
3,,0.00,1.00,0.00,,Petersen AM,2012,<html><b>...</b></html>,SCI REP-UK,2,0,4,-1
3,,0.00,1.00,0.00,,Marquet PA,2012,<html><b>...</b></html>,P NATL ACAD SCI USA,109,14754,5,-1
3,,0.00,1.00,0.00,,Levinson D,2012,<html><b>...</b></html>,PLOS ONE,7,0,2,-1
3,,0.00,1.00,0.00,,Gurney KR,2012,<html><b>...</b></html>,ENVIRON SCI TECHNOL,46,12194,4,-1
3,,0.00,1.00,0.00,,Gallos LK,2012,<html><b>...</b></html>,SCI REP-UK,2,0,3,-1
3,,0.00,1.00,0.00,,Chen YG,2012,<html><b>...</b></html>,CHAOS SOLITON FRACT,45,115,2,-1
3,,0.00,1.00,0.00,,Batty M,2012,<html><b>...</b></html>,EUR PHYS J-SPEC TOP,214,481,5,-1
2,,0.01,1.00,0.00,,Iglesias JR,2012,<html><b>...</b></html>,PHYSICA A,391,3942,1,-1
2,,0.00,1.00,0.00,,Hofmann M,2012,<html><b>...</b></html>,URBAN FOR URBAN GREE,11,303,1,-1
2,,0.01,1.00,0.00,,GEA,2012,<html><b>...</b></html>,GLOB EN ASS SUST FUT,0,0,1,-1
2,,0.00,1.00,0.00,,Chen YG,2012,<html><b>...</b></html>,PHYSICA A,391,767,0,-1
2,,0.01,1.00,0.00,,Bettencourt LMA,2012,<html><b>...</b></html>,1209014 SANT FE I,0,0,1,-1
30,,0.08,1.00,0.00,,Barthelemy M,2011,<html><b>...</b></html>,PHYS REP,499,1,4,-1
26,,0.02,1.00,0.00,,Glaeser E,2011,<html><b>...</b></html>,TRIUMPH CITY OUR GRE,0,0,5,-1
21,,0.06,1.00,0.00,,Rozenfeld HD,2011,<html><b>...</b></html>,AM ECON REV,101,2205,4,-1
13,3.11,0.03,1.11,0.00,,Kennedy C,2011,<html><b>...</b></html>,ENVIRON POLLUT,159,1965,6,-1
12,,0.01,1.00,0.00,,Roth C,2011,<html><b>...</b></html>,PLOS ONE,6,0,4,-1
11,,0.00,1.00,0.00,,Jiang B,2011,<html><b>...</b></html>,INT J GEOGR INF SCI,25,1269,6,-1
9,,0.02,1.00,0.00,,Seto KC,2011,<html><b>...</b></html>,PLOS ONE,6,0,4,-1
7,,0.00,1.00,0.00,,Expert P,2011,<html><b>...</b></html>,P NATL ACAD SCI USA,108,7663,4,-1
6,,0.01,1.00,0.00,,Pataki DE,2011,<html><b>...</b></html>,FRONT ECOL ENVIRON,9,27,4,-1
6,2.92,0.00,1.00,0.00,,Glaeser EL,2011,<html><b>...</b></html>,TRIUMPH CITY,0,0,2,-1
6,,0.03,1.00,0.00,,Brown JH,2011,<html><b>...</b></html>,BIOSCIENCE,61,19,6,-1
6,,0.02,1.00,0.00,,Angel S,2011,<html><b>...</b></html>,PROG PLANN,75,53,8,-1
4,,0.00,1.00,0.00,,Mesoudi A,2011,<html><b>...</b></html>,PLOS ONE,6,0,5,-1
4,,0.00,1.00,0.00,,Kennedy CA,2011,<html><b>...</b></html>,EVOLUTION GREAT WORL,0,0,2,-1
4,,0.00,1.00,0.00,,Fry JA,2011,<html><b>...</b></html>,PHOTOGRAMM ENG REM S,77,859,7,-1
3,,0.00,1.00,0.00,,Portugali J,2011,<html><b>...</b></html>,UNDERST COMPLEX SYST,0,1,3,-1
3,,0.00,1.00,0.00,,Pickett STA,2011,<html><b>...</b></html>,J ENVIRON MANAGE,92,331,3,-1
3,,0.00,1.00,0.00,,Michel JB,2011,<html><b>...</b></html>,SCIENCE,331,176,3,-1
3,,0.00,1.00,0.00,,Lambin EF,2011,<html><b>...</b></html>,P NATL ACAD SCI USA,108,3465,4,-1
3,,0.00,1.00,0.00,,Konar M,2011,<html><b>...</b></html>,WATER RESOUR RES,47,0,7,-1
3,,0.01,1.00,0.00,,Hill KR,2011,<html><b>...</b></html>,SCIENCE,331,1286,5,-1
3,,0.00,1.00,0.00,,Hausmann R,2011,<html><b>...</b></html>,J ECON GROWTH,16,309,6,-1
3,,0.00,1.00,0.00,,Glaeser E,2011,<html><b>...</b></html>,SCIENCE,333,592,2,-1
3,,0.00,1.00,0.00,,Chan SHY,2011,<html><b>...</b></html>,EUR PHYS J B,84,563,6,-1
3,,0.00,1.00,0.00,,Calabrese F,2011,<html><b>...</b></html>,PLOS ONE,6,0,4,-1
2,,0.00,1.00,0.00,,Zhang QL,2011,<html><b>...</b></html>,REMOTE SENS ENVIRON,115,2320,2,-1
2,,0.00,1.00,0.00,,Wu JG,2011,<html><b>...</b></html>,ECOL COMPLEX,8,1,8,-1
2,,0.00,1.00,0.00,,Shao J,2011,<html><b>...</b></html>,EPL-EUROPHYS LETT,94,0,1,-1
2,,0.00,1.00,0.00,,Shanahan DF,2011,<html><b>...</b></html>,BIOL CONSERV,144,722,2,-1
2,,0.00,1.00,0.00,,Sedgley N,2011,<html><b>...</b></html>,AM J ECON SOCIOL,70,86,2,-1
2,,0.00,1.00,0.00,,Rozenfeld HD,2011,<html><b>...</b></html>,AM ECON REV,101,560,1,-1
2,,0.00,1.00,0.00,,Phalan B,2011,<html><b>...</b></html>,SCIENCE,333,1289,2,-1
2,,0.00,1.00,0.00,,Lin GCS,2011,<html><b>...</b></html>,URBAN GEOGR,32,50,8,-1
2,,0.00,1.00,0.00,,Dallimer M,2011,<html><b>...</b></html>,BIOL LETTERS,7,763,2,-1
2,,0.00,1.00,0.00,,Batty M,2011,<html><b>...</b></html>,ENVIRON PLANN A,43,765,0,-1
2,,0.00,1.00,0.00,,Baek SK,2011,<html><b>...</b></html>,NEW J PHYS,13,0,1,-1
2,,0.01,1.00,0.00,,Arbesman S,2011,<html><b>...</b></html>,PHYSICA A,390,2155,2,-1
98,4.12,0.16,1.82,0.00,,Bettencourt LMA,2010,<html><b>...</b></html>,PLOS ONE,5,0,6,-1
94,4.09,0.11,1.56,0.00,,Bettencourt L,2010,<html><b>...</b></html>,NATURE,467,912,6,-1
13,2.72,0.00,1.00,0.00,,Zhang JA,2010,<html><b>...</b></html>,PHYSICA A,389,4887,2,-1
13,,0.00,1.00,0.00,,Newman M,2010,<html><b>...</b></html>,NETWORKS INTRO,0,0,5,-1
10,,0.02,1.00,0.00,,Seto KC,2010,<html><b>...</b></html>,ANNU REV ENV RESOUR,35,167,5,-1
10,,0.04,1.00,0.00,,Chen YG,2010,<html><b>...</b></html>,DISCRETE DYN NAT SOC,0,0,4,-1
9,,0.01,1.00,0.00,,Song CM,2010,<html><b>...</b></html>,NAT PHYS,6,818,5,-1
8,,0.01,1.00,0.00,,Eagle N,2010,<html><b>...</b></html>,SCIENCE,328,1029,5,-1
7,,0.06,1.00,0.00,,Sovacool BK,2010,<html><b>...</b></html>,ENERG POLICY,38,4856,2,-1
7,,0.03,1.00,0.00,,Kline MA,2010,<html><b>...</b></html>,P ROY SOC B-BIOL SCI,277,2559,7,-1
6,,0.00,1.00,0.00,,Ratti C,2010,<html><b>...</b></html>,PLOS ONE,5,0,6,-1
6,3.18,0.02,1.07,0.00,,Lu L,2010,<html><b>...</b></html>,PLOS ONE,5,0,2,-1
6,,0.02,1.00,0.00,,Hillman T,2010,<html><b>...</b></html>,ENVIRON SCI TECHNOL,44,1902,4,-1
6,,0.01,1.00,0.00,,Giesen K,2010,<html><b>...</b></html>,J URBAN ECON,68,129,7,-1
5,,0.01,1.00,0.00,,Schulz NB,2010,<html><b>...</b></html>,ENERG POLICY,38,4848,4,-1
5,,0.01,1.00,0.00,,Parshall L,2010,<html><b>...</b></html>,ENERG POLICY,38,4765,4,-1
5,,0.01,1.00,0.00,,Buldyrev SV,2010,<html><b>...</b></html>,NATURE,464,1025,4,-1
4,,0.01,1.00,0.00,,Fortunato S,2010,<html><b>...</b></html>,PHYS REP,486,75,5,-1
3,,0.00,1.00,0.00,,van Eck N,2010,<html><b>...</b></html>,SCIENTOMETRICS,84,523,8,-1
3,,0.00,1.00,0.00,,de Groot R,2010,<html><b>...</b></html>,ECOL COMPLEX,7,260,5,-1
3,,0.00,1.00,0.00,,Weisz H,2010,<html><b>...</b></html>,CURR OPIN SUST,2,185,2,-1
3,,0.00,1.00,0.00,,Waters JS,2010,<html><b>...</b></html>,AM NAT,176,501,6,-1
3,,0.00,1.00,0.00,,Song CM,2010,<html><b>...</b></html>,SCIENCE,327,1018,4,-1
3,,0.01,1.00,0.00,,Puga D,2010,<html><b>...</b></html>,J REGIONAL SCI,50,203,3,-1
3,,0.00,1.00,0.00,,Poumanyvong P,2010,<html><b>...</b></html>,ECOL ECON,70,434,6,-1
3,,0.00,1.00,0.00,,Podobnik B,2010,<html><b>...</b></html>,P NATL ACAD SCI USA,107,18325,2,-1
3,,0.00,1.00,0.00,,Petersen AM,2010,<html><b>...</b></html>,EPL-EUROPHYS LETT,90,0,2,-1
3,,0.00,1.00,0.00,,Kitsak M,2010,<html><b>...</b></html>,NAT PHYS,6,888,5,-1
3,,0.00,1.00,0.00,,Kennedy C,2010,<html><b>...</b></html>,ENERG POLICY,38,4828,2,-1
3,,0.00,1.00,0.00,,Kaluza P,2010,<html><b>...</b></html>,J R SOC INTERFACE,7,1093,2,-1
3,,0.04,1.00,0.00,,Jones CI,2010,<html><b>...</b></html>,AM ECON J-MACROECON,2,224,6,-1
3,,0.01,1.00,0.00,,Jiang B,2010,<html><b>...</b></html>,GEOSPATIAL ANAL MODE,0,0,2,-1
3,,0.00,1.00,0.00,,Glaeser EL,2010,<html><b>...</b></html>,J URBAN ECON,67,404,3,-1
3,,0.00,1.00,0.00,,Ewing R,2010,<html><b>...</b></html>,J AM PLANN ASSOC,76,265,8,-1
3,,0.00,1.00,0.00,,Derrible S,2010,<html><b>...</b></html>,PHYSICA A,389,3678,2,-1
3,,0.00,1.00,0.00,,Derrible S,2010,<html><b>...</b></html>,TRANSPORTATION,37,275,2,-1
3,,0.00,1.00,0.00,,Chen YG,2010,<html><b>...</b></html>,INT J URBAN SUSTAIN,1,89,4,-1
3,,0.00,1.00,0.00,,Buyantuyev A,2010,<html><b>...</b></html>,LANDSCAPE ECOL,25,17,8,-1
3,,0.03,1.00,0.00,,Banavar JR,2010,<html><b>...</b></html>,P NATL ACAD SCI USA,107,15816,2,-1
2,,0.00,1.00,0.00,,Stella AL,2010,<html><b>...</b></html>,J STAT MECH-THEORY E,0,0,1,-1
2,,0.00,1.00,0.00,,Short MB,2010,<html><b>...</b></html>,SIAM J APPL DYN SYST,9,462,3,-1
2,,0.00,1.00,0.00,,Sachsida A,2010,<html><b>...</b></html>,EMPIR ECON,39,93,3,-1
2,,0.00,1.00,0.00,,Rocha LEC,2010,<html><b>...</b></html>,P NATL ACAD SCI USA,107,5706,1,-1
2,,0.00,1.00,0.00,,Lenzen M,2010,<html><b>...</b></html>,J IND ECOL,14,73,2,-1
2,,0.00,1.00,0.00,,Jorgenson AK,2010,<html><b>...</b></html>,ORGAN ENVIRON,23,189,2,-1
2,,0.01,1.00,0.00,,Gordon MB,2010,<html><b>...</b></html>,EUR J APPL MATH,21,283,3,-1
2,,0.00,1.00,0.00,,Glaeser EL,2010,<html><b>...</b></html>,J REGIONAL SCI,50,221,2,-1
2,,0.00,1.00,0.00,,Dhakal S,2010,<html><b>...</b></html>,CURR OPIN SUST,2,277,2,-1
39,,0.05,1.00,0.00,,Clauset A,2009,<html><b>...</b></html>,SIAM REV,51,661,6,-1
24,,0.16,1.00,0.00,,Kennedy C,2009,<html><b>...</b></html>,ENVIRON SCI TECHNOL,43,7297,5,-1
21,,0.06,1.00,0.00,,Arbesman S,2009,<html><b>...</b></html>,PHYS REV E,79,0,6,-1
10,,0.02,1.00,0.00,,Balcan D,2009,<html><b>...</b></html>,P NATL ACAD SCI USA,106,21484,5,-1
9,,0.03,1.00,0.00,,Castellano C,2009,<html><b>...</b></html>,REV MOD PHYS,81,591,5,-1
8,2.99,0.01,1.02,0.00,,Lazer D,2009,<html><b>...</b></html>,SCIENCE,323,721,6,-1
6,,0.00,1.00,0.00,,Masucci AP,2009,<html><b>...</b></html>,EUR PHYS J B,71,259,8,-1
5,,0.02,1.00,0.00,,Rockstrom J,2009,<html><b>...</b></html>,NATURE,461,472,6,-1
4,,0.00,1.00,0.00,,Powell A,2009,<html><b>...</b></html>,SCIENCE,324,1298,8,-1
4,,0.04,1.00,0.00,,Fuller RA,2009,<html><b>...</b></html>,BIOL LETTERS,5,352,4,-1
3,,0.00,1.00,0.00,,Serrano MA,2009,<html><b>...</b></html>,PLOS ONE,4,0,3,-1
3,,0.00,1.00,0.00,,Scheffer M,2009,<html><b>...</b></html>,NATURE,461,53,6,-1
3,,0.00,1.00,0.00,,Reades J,2009,<html><b>...</b></html>,ENVIRON PLANN B,36,824,6,-1
3,,0.01,1.00,0.00,,Krings G,2009,<html><b>...</b></html>,J STAT MECH-THEORY E,0,0,3,-1
3,,0.00,1.00,0.00,,Hidalgo CA,2009,<html><b>...</b></html>,P NATL ACAD SCI USA,106,10570,8,-1
3,,0.00,1.00,0.00,,Hamilton MJ,2009,<html><b>...</b></html>,P NATL ACAD SCI USA,106,12255,6,-1
3,,0.00,1.00,0.00,,Glaeser EL,2009,<html><b>...</b></html>,J ECON LIT,47,983,7,-1
3,,0.00,1.00,0.00,,Dodman D,2009,<html><b>...</b></html>,ENVIRON URBAN,21,185,1,-1
3,,0.00,1.00,0.00,,Dhakal S,2009,<html><b>...</b></html>,ENERG POLICY,37,4208,3,-1
3,,0.01,1.00,0.00,,Chen YG,2009,<html><b>...</b></html>,CHAOS SOLITON FRACT,39,49,5,-1
3,,0.00,1.00,0.00,,Carpenter SR,2009,<html><b>...</b></html>,P NATL ACAD SCI USA,106,1305,6,-1
3,,0.01,1.00,0.00,,Basu B,2009,<html><b>...</b></html>,INDIAN J PHYS,83,1575,3,-1
3,,0.00,1.00,0.00,,Arthur W,2009,<html><b>...</b></html>,NATURE TECHNOLOGY WH,0,0,8,-1
3,,0.01,1.00,0.00,,Arthur BW,2009,<html><b>...</b></html>,NATURE TECHNOLOGY WH,0,0,7,-1
3,,0.00,1.00,0.00,,Altmann EG,2009,<html><b>...</b></html>,PLOS ONE,4,0,3,-1
2,,0.00,1.00,0.00,,Xie F,2009,<html><b>...</b></html>,COMPUT ENVIRON URBAN,33,211,3,-1
2,,0.00,1.00,0.00,,Wu F,2009,<html><b>...</b></html>,P 11 IEEE INT C COMP,4,409,2,-1
2,,0.00,1.00,0.00,,Parrish DD,2009,<html><b>...</b></html>,SCIENCE,326,674,4,-1
2,,0.00,1.00,0.00,,Oliver-sola J,2009,<html><b>...</b></html>,APPL ENERG,86,1915,2,-1
2,,0.00,1.00,0.00,,Oliver-sola J,2009,<html><b>...</b></html>,INT J LIFE CYCLE ASS,14,302,2,-1
2,,0.00,1.00,0.00,,Oliver-sola J,2009,<html><b>...</b></html>,ENERG POLICY,37,4711,2,-1
2,,0.00,1.00,0.00,,Niza S,2009,<html><b>...</b></html>,J IND ECOL,13,384,3,-1
2,,0.00,1.00,0.00,,Larsen HN,2009,<html><b>...</b></html>,ENVIRON SCI POLICY,12,791,3,-1
2,,0.00,1.00,0.00,,Jiang B,2009,<html><b>...</b></html>,INT J GEOGR INF SCI,23,1033,3,-1
2,,0.00,1.00,0.00,,ICLEI,2009,<html><b>...</b></html>,INT LOC GOV GHG EM A,0,0,3,-1
2,,0.00,1.00,0.00,,Hubacek K,2009,<html><b>...</b></html>,J CLEAN PROD,17,1241,3,-1
2,,0.01,1.00,0.00,,Gordon MB,2009,<html><b>...</b></html>,EUR PHYS J B,68,133,4,-1
2,,0.00,1.00,0.00,,Gangopadhyay K,2009,<html><b>...</b></html>,PHYSICA A,388,2682,3,-1
2,,0.00,1.00,0.00,,Gabaix X,2009,<html><b>...</b></html>,ANNU REV ECON,1,255,3,-1
2,,0.00,1.00,0.00,,Fragkias M,2009,<html><b>...</b></html>,COMPUT ENVIRON URBAN,33,189,1,-1
2,,0.00,1.00,0.00,,Eagle N,2009,<html><b>...</b></html>,P NATL ACAD SCI USA,106,15274,4,-1
2,,0.00,1.00,0.00,,Derrible S,2009,<html><b>...</b></html>,TRANSP RES RECORD,0,17,3,-1
2,,0.00,1.00,0.00,,Chen YG,2009,<html><b>...</b></html>,CHAOS SOLITON FRACT,40,1766,3,-1
2,,0.00,1.00,0.00,,Blasius B,2009,<html><b>...</b></html>,PHYS REV LETT,103,0,3,-1
2,,0.00,1.00,0.00,,Beaudry C,2009,<html><b>...</b></html>,RES POLICY,38,318,4,-1
2,,0.00,1.00,0.00,,Barles S,2009,<html><b>...</b></html>,J IND ECOL,13,898,3,-1
89,3.42,0.18,1.77,0.00,,Batty M,2008,<html><b>...</b></html>,SCIENCE,319,769,6,-1
29,,0.09,1.00,0.00,,Gonzalez MC,2008,<html><b>...</b></html>,NATURE,453,779,7,-1
28,,0.18,1.00,0.00,,Grimm NB,2008,<html><b>...</b></html>,SCIENCE,319,756,6,-1
21,4.41,0.12,1.66,0.00,,Rozenfeld HD,2008,<html><b>...</b></html>,P NATL ACAD SCI USA,105,18702,7,-1
20,,0.10,1.00,0.00,,Samaniego H,2008,<html><b>...</b></html>,J TRANSLAND USE,1,21,6,-1
10,,0.05,1.00,0.00,,Batty M,2008,<html><b>...</b></html>,EUR PHYS J B,63,303,6,-1
6,,0.02,1.00,0.00,,Smil V,2008,<html><b>...</b></html>,ENERGY NATURE SOC GE,0,0,7,-1
6,,0.00,1.00,0.00,,Lobo J,2008,<html><b>...</b></html>,J URBAN ECON,63,871,7,-1
5,3.16,0.10,1.35,0.00,,Ash C,2008,<html><b>...</b></html>,SCIENCE,319,739,3,-1
4,,0.01,1.00,0.00,,Cordoba JC,2008,<html><b>...</b></html>,J URBAN ECON,63,177,4,-1
4,,0.00,1.00,0.00,,Codoban N,2008,<html><b>...</b></html>,J URBAN PLAN D-ASCE,134,21,4,-1
4,,0.02,1.00,0.00,,Blondel VD,2008,<html><b>...</b></html>,J STAT MECH-THEORY E,0,0,7,-1
3,,0.00,1.00,0.00,,Schneider A,2008,<html><b>...</b></html>,URBAN STUD,45,659,6,-1
3,,0.00,1.00,0.00,,Satterthwaite D,2008,<html><b>...</b></html>,ENVIRON URBAN,20,539,4,-1
3,,0.00,1.00,0.00,,Rosvall M,2008,<html><b>...</b></html>,P NATL ACAD SCI USA,105,1118,7,-1
3,,0.00,1.00,0.00,,Montgomery MR,2008,<html><b>...</b></html>,SCIENCE,319,761,6,-1
3,,0.00,1.00,0.00,,Mcdonald RI,2008,<html><b>...</b></html>,BIOL CONSERV,141,1695,7,-1
3,,0.00,1.00,0.00,,Grimm NB,2008,<html><b>...</b></html>,FRONT ECOL ENVIRON,6,264,4,-1
3,,0.00,1.00,0.00,,Florida R,2008,<html><b>...</b></html>,WHOS YOUR CITY CREAT,0,0,6,-1
3,,0.00,1.00,0.00,,Ewing R,2008,<html><b>...</b></html>,HOUS POLICY DEBATE,19,1,8,-1
3,,0.01,1.00,0.00,,Chen Y,2008,<html><b>...</b></html>,FRACTAL URBAN SYSTEM,0,0,6,-1
3,,0.03,1.00,0.00,,Bloom DE,2008,<html><b>...</b></html>,SCIENCE,319,772,8,-1
3,,0.01,1.00,0.00,,Alberti M,2008,<html><b>...</b></html>,ADV URBAN ECOLOGY IN,0,0,8,-1
2,,0.00,1.00,0.00,,United N,2008,<html><b>...</b></html>,WORLD URB PROSP 2007,0,0,3,-1
2,,0.00,1.00,0.00,,Short MB,2008,<html><b>...</b></html>,MATH MOD METH APPL S,18,1249,5,-1
2,,0.00,1.00,0.00,,Semboloni F,2008,<html><b>...</b></html>,EUR PHYS J B,63,295,4,-1
2,,0.00,1.00,0.00,,Schuetze T,2008,<html><b>...</b></html>,EVERY DROP COUNTS EN,0,0,3,-1
2,,0.00,1.00,0.00,,Sarzynski A,2008,<html><b>...</b></html>,SHRINKING CARBON FOO,0,0,4,-1
2,,0.00,1.00,0.00,,Samaniego H,2008,<html><b>...</b></html>,J TRANSPORT LAND USE,1,0,4,-1
2,,0.00,1.00,0.00,,Rodriguez M,2008,<html><b>...</b></html>,AM J BOT,95,1523,3,-1
2,,0.00,1.00,0.00,,Ramaswami A,2008,<html><b>...</b></html>,ENVIRON SCI TECHNOL,42,6455,4,-1
2,,0.00,1.00,0.00,,Picoli S,2008,<html><b>...</b></html>,PHYS REV E,77,0,5,-1
2,,0.00,1.00,0.00,,Moses ME,2008,<html><b>...</b></html>,AM NAT,171,632,4,-1
2,,0.00,1.00,0.00,,Lenzen M,2008,<html><b>...</b></html>,URBAN ENERGY TRANSITION: FROM FOSSIL FUELS TO RENEWABLE POWER,0,91,4,-1
2,,0.00,1.00,0.00,,Lammer S,2008,<html><b>...</b></html>,J STAT MECH-THEORY E,0,0,5,-1
2,,0.00,1.00,0.00,,Knudsen B,2008,<html><b>...</b></html>,ANN ASSOC AM GEOGR,98,461,5,-1
2,,0.00,1.00,0.00,,Kesting A,2008,<html><b>...</b></html>,TRANSPORT RES C-EMER,16,668,5,-1
2,,0.01,1.00,0.00,,Keizer K,2008,<html><b>...</b></html>,SCIENCE,322,1681,5,-1
2,,0.00,1.00,0.00,,Jung WS,2008,<html><b>...</b></html>,EPL-EUROPHYS LETT,81,0,4,-1
2,,0.00,1.00,0.00,,Hou C,2008,<html><b>...</b></html>,SCIENCE,322,736,4,-1
2,,0.00,1.00,0.00,,Chen YG,2008,<html><b>...</b></html>,CHAOS SOLITON FRACT,35,85,4,-1
2,,0.00,1.00,0.00,,Brown DG,2008,<html><b>...</b></html>,GEOFORUM,39,805,1,-1
2,,0.01,1.00,0.00,,Bettencourt LMA,2008,<html><b>...</b></html>,EUR PHYS J B,63,285,5,-1
2,,0.00,1.00,0.00,,Barthelemy M,2008,<html><b>...</b></html>,PHYS REV LETT,100,0,5,-1
2,,0.00,1.00,0.00,,Barrat A,2008,<html><b>...</b></html>,DYNAMICAL PROCESSES,0,0,4,-1
336,13.20,0.23,14.64,0.00,,Bettencourt LMA,2007,<html><b>...</b></html>,P NATL ACAD SCI USA,104,7301,6,-1
20,3.33,0.08,1.30,0.00,,Bettencourt LMA,2007,<html><b>...</b></html>,RES POLICY,36,107,6,-1
12,,0.05,1.00,0.00,,Kennedy C,2007,<html><b>...</b></html>,J IND ECOL,11,43,6,-1
7,3.47,0.02,1.06,0.00,,Isalgue A,2007,<html><b>...</b></html>,PHYSICA A,382,643,4,-1
6,2.92,0.02,1.05,0.00,,Xie F,2007,<html><b>...</b></html>,GEOGR ANAL,39,336,5,-1
5,,0.01,1.00,0.00,,Onnela JP,2007,<html><b>...</b></html>,P NATL ACAD SCI USA,104,7332,7,-1
3,,0.00,1.00,0.00,,Wu F,2007,<html><b>...</b></html>,P NATL ACAD SCI USA,104,17599,7,-1
3,,0.00,1.00,0.00,,UN,2007,<html><b>...</b></html>,URB POP DEV ENV,0,0,4,-1
3,,0.00,1.00,0.00,,Turner BL,2007,<html><b>...</b></html>,P NATL ACAD SCI USA,104,20666,8,-1
3,,0.00,1.00,0.00,,Shao J,2007,<html><b>...</b></html>,EUR PHYS J B,56,157,5,-1
3,,0.00,1.00,0.00,,Reades J,2007,<html><b>...</b></html>,IEEE PERVAS COMPUT,6,30,8,-1
3,,0.01,1.00,0.00,,Hidalgo CA,2007,<html><b>...</b></html>,SCIENCE,317,482,7,-1
3,,0.00,1.00,0.00,,Carlino GA,2007,<html><b>...</b></html>,J URBAN ECON,61,389,6,-1
2,,0.00,1.00,0.00,,Schulz NB,2007,<html><b>...</b></html>,J IND ECOL,11,117,5,-1
2,,0.00,1.00,0.00,,Quinn D,2007,<html><b>...</b></html>,URBAN METABOLISM ECO,0,0,5,-1
2,,0.00,1.00,0.00,,Ovenden M,2007,<html><b>...</b></html>,TRANSIT MAPS WORLD,0,0,5,-1
2,,0.00,1.00,0.00,,Miller JH,2007,<html><b>...</b></html>,PRINC STUD COMPLEX,0,1,5,-1
2,,0.00,1.00,0.00,,Mcgranahan G,2007,<html><b>...</b></html>,SCALING URBAN ENV CH,0,18,5,-1
2,,0.00,1.00,0.00,,Marshall JD,2007,<html><b>...</b></html>,URBAN STUD,44,1889,4,-1
2,,0.00,1.00,0.00,,Lebel L,2007,<html><b>...</b></html>,J IND ECOL,11,61,5,-1
2,,0.00,1.00,0.00,,Labra FA,2007,<html><b>...</b></html>,P NATL ACAD SCI USA,104,10900,6,-1
2,,0.00,1.00,0.00,,Kaufmann RK,2007,<html><b>...</b></html>,J CLIMATE,20,2299,3,-1
2,,0.00,1.00,0.00,,Clark WC,2007,<html><b>...</b></html>,P NATL ACAD SCI USA,104,1737,4,-1
2,,0.00,1.00,0.00,,Caldarelli G,2007,<html><b>...</b></html>,SCALE FREE NETWORKS,0,0,5,-1
2,,0.01,1.00,0.00,,Bernhardt ES,2007,<html><b>...</b></html>,FRESHWATER BIOL,52,738,1,-1
2,,0.00,1.00,0.00,,Benguigui L,2007,<html><b>...</b></html>,COMPUT ENVIRON URBAN,31,648,5,-1
11,3.56,0.04,1.17,0.00,,Batty M,2006,<html><b>...</b></html>,NATURE,444,592,8,-1
8,2.93,0.00,1.00,0.00,,Lammer S,2006,<html><b>...</b></html>,PHYSICA A,363,89,7,-1
7,,0.00,1.00,0.00,,Kuhnert C,2006,<html><b>...</b></html>,PHYSICA A,363,96,7,-1
6,2.94,0.02,1.05,0.00,,Brockmann D,2006,<html><b>...</b></html>,NATURE,439,462,8,-1
5,,0.01,1.00,0.00,,Boccaletti S,2006,<html><b>...</b></html>,PHYS REP,424,175,8,-1
4,,0.00,1.00,0.00,,Kossinets G,2006,<html><b>...</b></html>,SCIENCE,311,88,4,-1
2,,0.00,1.00,0.00,,Viboud C,2006,<html><b>...</b></html>,SCIENCE,312,447,6,-1
2,,0.00,1.00,0.00,,Sole R,2006,<html><b>...</b></html>,SELF ORG COMPLEX ECO,0,0,3,-1
2,,0.00,1.00,0.00,,Scellato S,2006,<html><b>...</b></html>,EUR PHYS J B,50,221,2,-1
2,,0.00,1.00,0.00,,Ratti C,2006,<html><b>...</b></html>,ENVIRON PLANN B,33,727,7,-1
2,,0.00,1.00,0.00,,Pumain D,2006,<html><b>...</b></html>,METHODS SER,3,1,6,-1
2,,0.00,1.00,0.00,,Picoli S,2006,<html><b>...</b></html>,EUROPHYS LETT,75,673,7,-1
2,,0.01,1.00,0.00,,Olden JD,2006,<html><b>...</b></html>,J BIOGEOGR,33,2027,7,-1
2,,0.00,1.00,0.00,,Milinski M,2006,<html><b>...</b></html>,P NATL ACAD SCI USA,103,3994,2,-1
2,,0.00,1.00,0.00,,Marshall S,2006,<html><b>...</b></html>,STREETS PATTERNS,0,0,7,-1
2,,0.00,1.00,0.00,,Lewis DB,2006,<html><b>...</b></html>,GLOBAL CHANGE BIOL,12,703,2,-1
2,,0.00,1.00,0.00,,Knox PL,2006,<html><b>...</b></html>,PLACES REGIONS GLOBA,0,0,6,-1
2,,0.00,1.00,0.00,,Kaye JP,2006,<html><b>...</b></html>,TRENDS ECOL EVOL,21,192,2,-1
2,,0.01,1.00,0.00,,Kauppi PE,2006,<html><b>...</b></html>,P NATL ACAD SCI USA,103,17574,2,-1
2,,0.01,1.00,0.00,,Katz JS,2006,<html><b>...</b></html>,RES POLICY,35,893,7,-1
2,,0.00,1.00,0.00,,Huang SL,2006,<html><b>...</b></html>,RESOUR CONSERV RECY,48,166,6,-1
2,,0.00,1.00,0.00,,Colizza V,2006,<html><b>...</b></html>,P NATL ACAD SCI USA,103,2015,6,-1
2,,0.00,1.00,0.00,,Bugliarello G,2006,<html><b>...</b></html>,TECHNOL SOC,28,19,5,-1
2,,0.00,1.00,0.00,,Bonner JT,2006,<html><b>...</b></html>,WHY SIZE MATTERS BAC,0,0,6,-1
2,,0.00,1.00,0.00,,Batty M,2006,<html><b>...</b></html>,METH SER,0,143,6,-1
2,,0.00,1.00,0.00,,Anderson C,2006,<html><b>...</b></html>,LONG TAIL WHY FUTURE,0,0,6,-1
7,3.71,0.02,1.06,0.00,,Newman MEJ,2005,<html><b>...</b></html>,CONTEMP PHYS,46,323,7,-1
7,3.40,0.00,1.00,0.00,,Batty M,2005,<html><b>...</b></html>,CITIES COMPLEXITY UN,0,0,7,-1
6,2.92,0.01,1.03,0.00,,Batty M,2005,<html><b>...</b></html>,CITIES COMPLEXITY,0,0,8,-1
6,2.66,0.04,1.11,0.00,,Angel S,2005,<html><b>...</b></html>,DYNAMICS GLOBAL URBA,0,0,7,-1
5,3.16,0.00,1.00,0.00,,West GB,2005,<html><b>...</b></html>,J EXP BIOL,208,1575,6,-1
5,,0.02,1.00,0.00,,Crane P,2005,<html><b>...</b></html>,SCIENCE,308,1225,8,-1
2,,0.00,1.00,0.00,,Walsh CJ,2005,<html><b>...</b></html>,J N AM BENTHOL SOC,24,706,3,-1
2,,0.00,1.00,0.00,,Soo KT,2005,<html><b>...</b></html>,REG SCI URBAN ECON,35,239,7,-1
2,,0.00,1.00,0.00,,Myllyla S,2005,<html><b>...</b></html>,GLOBAL ENVIRON CHANG,15,224,6,-1
2,,0.00,1.00,0.00,,Liu JY,2005,<html><b>...</b></html>,AMBIO,34,450,5,-1
2,,0.00,1.00,0.00,,Liben-nowell D,2005,<html><b>...</b></html>,P NATL ACAD SCI USA,102,11623,7,-1
2,,0.00,1.00,0.00,,Kaushal SS,2005,<html><b>...</b></html>,P NATL ACAD SCI USA,102,13517,3,-1
2,,0.01,1.00,0.00,,Groffman PM,2005,<html><b>...</b></html>,J N AM BENTHOL SOC,24,613,3,-1
2,,0.00,1.00,0.00,,Gonzalez GA,2005,<html><b>...</b></html>,ENVIRON POLIT,14,344,7,-1
2,,0.00,1.00,0.00,,Fu DF,2005,<html><b>...</b></html>,P NATL ACAD SCI USA,102,18801,8,-1
2,,0.00,1.00,0.00,,Engel-yan J,2005,<html><b>...</b></html>,CAN J CIVIL ENG,32,45,6,-1
2,,0.00,1.00,0.00,,Diamond JM,2005,<html><b>...</b></html>,COLLAPSE SOC CHOOSE,0,0,7,-1
3,,0.02,1.00,0.00,,Brown JH,2004,<html><b>...</b></html>,ECOLOGY,85,1771,8,-1
2,,0.00,1.00,0.00,,Roberts BH,2004,<html><b>...</b></html>,J CLEAN PROD,12,997,7,-1
2,,0.00,1.00,0.00,,Hufnagel L,2004,<html><b>...</b></html>,P NATL ACAD SCI USA,101,15124,8,-1
2,,0.02,1.00,0.00,,Holme P,2004,<html><b>...</b></html>,SOC NETWORKS,26,155,6,-1
2,,0.01,1.00,0.00,,Hatt BE,2004,<html><b>...</b></html>,ENVIRON MANAGE,34,112,5,-1
2,,0.00,1.00,0.00,,Hanson S,2004,<html><b>...</b></html>,GEOGRAPHY URBAN TRAN,0,0,8,-1
2,,0.01,1.00,0.00,,Groffman PM,2004,<html><b>...</b></html>,ECOSYSTEMS,7,393,4,-1
2,,0.00,1.00,0.00,,Gabaix X,2004,<html><b>...</b></html>,HDB REGIONAL URBAN E,4,2341,7,-1
2,,0.00,1.00,0.00,,Florida R,2004,<html><b>...</b></html>,CITIES CREATIVE CLAS,0,0,4,-1
2,,0.00,1.00,0.00,,Eeckhout J,2004,<html><b>...</b></html>,AM ECON REV,94,1429,5,-1
2,,0.00,1.00,0.00,,Cohen B,2004,<html><b>...</b></html>,WORLD DEV,32,23,6,-1
2,,0.00,1.00,0.00,,Alberti M,2004,<html><b>...</b></html>,URBAN ECOSYSTEMS,7,241,8,-1
3,,0.00,1.00,0.00,,Clark WC,2003,<html><b>...</b></html>,P NATL ACAD SCI USA,100,8059,8,-1
2,,0.00,1.00,0.00,,Moses ME,2003,<html><b>...</b></html>,ECOL LETT,6,295,7,-1
2,,0.00,1.00,0.00,,Liljeros F,2003,<html><b>...</b></html>,MICROBES INFECT,5,189,7,-1
2,,0.01,1.00,0.00,,Kates RW,2003,<html><b>...</b></html>,P NATL ACAD SCI USA,100,8062,5,-1
2,,0.00,1.00,0.00,,Gabaix X,2003,<html><b>...</b></html>,NATURE,423,267,5,-1
2,,0.00,1.00,0.00,,Barenblatt GI,2003,<html><b>...</b></html>,SCALING,0,0,7,-1
2,,0.00,1.00,0.00,,Wang LZ,2001,<html><b>...</b></html>,ENVIRON MANAGE,28,255,8,-1
2,,0.00,1.00,0.00,,Paul MJ,2001,<html><b>...</b></html>,ANNU REV ECOL SYST,32,333,7,-1
2,,0.01,1.00,0.00,,Grimm NB,2000,<html><b>...</b></html>,BIOSCIENCE,50,571,8,-1
