keyword	TC	Centrality	Burst	PY	BurstBegin	BurstEnd	Span	HalfLife2	Status	WaitingTime
ARCAUTE E, 2015, J R SOC INTERFACE, V12, P0, DOI 10.1098/RSIF.2014.0745	38.0	0.07368430375071532	9.375	2015	2016	2019	4	2.0	1	1
FRAGKIAS M, 2013, PLOS ONE, V8, P0, DOI 10.1371/JOURNAL.PONE.0064727	32.0	0.2260701571687065	2.8619	2013	2017	2019	3	3.0	1	4
SCHLAPFER M, 2014, J R SOC INTERFACE, V11, P0, DOI 10.1098/RSIF.2013.0789	32.0	0.021302539467216712	4.1727	2014	2015	2019	5	3.0	1	1
STRANO E, 2012, SCI REP-UK, V2, P0, DOI 10.1038/SREP00296	13.0	0.03763368943665583	2.8361	2012	2013	2014	2	2.0	1	1
NOULAS A, 2012, PLOS ONE, V7, P0, DOI 10.1371/JOURNAL.PONE.0037027	10.0	0.0013957336455976536	3.6733	2012	2015	2016	2	4.0	1	3
LOUAIL T, 2014, SCI REP-UK, V4, P0, DOI 10.1038/SREP05276	8.0	0.02001807535086333	2.9355	2014	2015	2016	2	2.0	1	1
BETTENCOURT L, 2010, NATURE, V467, P912, DOI 10.1038/467912A	93.0	0.10119005187823767	4.0798	2010	2016	2019	4	6.0	1	6
BETTENCOURT LMA, 2007, RES POLICY, V36, P107, DOI 10.1016/J.RESPOL.2006.09.026	20.0	0.08012474185954789	3.1373	2007	2008	2014	7	6.0	1	1
LAZER D, 2009, SCIENCE, V323, P721, DOI 10.1126/SCIENCE.1167742	8.0	0.005541421482253337	2.9355	2009	2015	2016	2	6.0	1	6
PIKETTY T, 2014, CAPITAL 21 CENTURY, V0, P0	6.0	0.012096188652430305	2.7464	2014	2017	2019	3	4.0	1	3
GLAESER E, 2011, TRIUMPH CITY, V0, P0	6.0	0.0	2.8884	2011	2012	2013	2	2.0	1	1
ISALGUE A, 2007, PHYSICA A, V382, P643, DOI 10.1016/J.PHYSA.2007.04.019	7.0	0.017128230631351472	3.4384	2007	2009	2012	4	4.0	1	2
BETTENCOURT LMA, 2010, PLOS ONE, V5, P0, DOI 10.1371/JOURNAL.PONE.0013541	98.0	0.16395141529899715	4.7128	2010	2017	2019	3	6.0	1	7
BATTY M, 2013, NEW SCI CITIES, V0, P0	35.0	0.05705620361132589	6.2221	2013	2016	2019	4	4.0	1	3
BATTY M, 2006, NATURE, V444, P592, DOI 10.1038/NATURE05302	11.0	0.045996757707618754	3.4704	2006	2011	2014	4	8.0	1	5
SIMINI F, 2012, NATURE, V484, P96, DOI 10.1038/NATURE10856	15.0	0.021795824311015264	3.6666	2012	2014	2016	3	3.0	1	2
XIE F, 2007, GEOGR ANAL, V39, P336, DOI 10.1111/J.1538-4632.2007.00707.X	6.0	0.01738108844628813	2.8884	2007	2012	2013	2	5.0	1	5
LAMMER S, 2006, PHYSICA A, V363, P89, DOI 10.1016/J.PHYSA.2006.01.051	8.0	0.00170745544223499	2.8683	2006	2012	2014	3	7.0	1	6
LOUF R, 2013, PHYS REV LETT, V111, P0, DOI 10.1103/PHYSREVLETT.111.198702	7.0	0.008197520594302204	2.5699	2013	2014	2015	2	2.0	1	1
KENNEDY C, 2011, ENVIRON POLLUT, V159, P1965, DOI 10.1016/J.ENVPOL.2010.10.022	13.0	0.01953792285635213	3.1807	2011	2017	2019	3	6.0	1	6
BETTENCOURT LMA, 2014, SCI REP-UK, V4, P0, DOI 10.1038/SREP05393	6.0	0.03986323440622899	2.7236	2014	2016	2017	2	3.0	1	2
PAN W, 2013, NAT COMMUN, V4, P0, DOI 10.1038/NCOMMS2961	23.0	0.08584991103789791	3.5935	2013	2015	2016	2	3.0	1	2
ROZENFELD HD, 2008, P NATL ACAD SCI USA, V105, P18702, DOI 10.1073/PNAS.0807435105	21.0	0.12351227244328991	4.2614	2008	2014	2015	2	7.0	1	6
UN (N, 2014, WORLD URB PROSP 2014, V0, P0	7.0	0.0	3.1792	2014	2016	2017	2	2.0	1	2
BETTENCOURT LMA, 2016, J R SOC INTERFACE, V13, P0, DOI 10.1098/RSIF.2016.0005	8.0	0.0017570687093585893	3.6659	2016	2017	2019	3	2.0	1	1
LOUF R, 2014, ENVIRON PLANN B, V41, P767, DOI 10.1068/B4105C	10.0	0.0021890246300723553	4.5873	2014	2017	2019	3	4.0	1	3
ASH C, 2008, SCIENCE, V319, P739, DOI 10.1126/SCIENCE.319.5864.739	5.0	0.10323199039555658	3.1512	2008	2010	2011	2	3.0	1	2
KENNEDY CA, 2015, P NATL ACAD SCI USA, V112, P5985, DOI 10.1073/PNAS.1504315112	10.0	0.01354289297748569	4.5873	2015	2017	2019	3	2.0	1	2
LOUF R, 2014, PLOS ONE, V9, P0, DOI 10.1371/JOURNAL.PONE.0102007	6.0	0.04180138068176101	2.7464	2014	2017	2019	3	4.0	1	3
WEST GB, 2005, J EXP BIOL, V208, P1575, DOI 10.1242/JEB.01589	5.0	9.487113577714081E-4	3.1512	2005	2010	2011	2	6.0	1	5
BETTENCOURT LMA, 2007, P NATL ACAD SCI USA, V104, P7301, DOI 10.1073/PNAS.0610172104	334.0	0.2289699037137396	11.8641	2007	2013	2014	2	7.0	1	6
ANGEL S, 2005, DYNAMICS GLOBAL URBA, V0, P0	6.0	0.040180864507010715	2.6274	2005	2011	2013	3	7.0	1	6
LOUF R, 2014, SCI REP-UK, V4, P0, DOI 10.1038/SREP05561	19.0	0.021377041283296098	2.8899	2014	2016	2019	4	2.0	1	2
HAWELKA B, 2014, CARTOGR GEOGR INF SC, V41, P260, DOI 10.1080/15230406.2014.890072	9.0	0.004961255114598016	3.3042	2014	2015	2016	2	2.0	1	1
JONES C, 2014, ENVIRON SCI TECHNOL, V48, P895, DOI 10.1021/ES4034364	6.0	0.02385094081738046	2.7464	2014	2017	2019	3	4.0	1	3
GRAUWIN S, 2015, GEOTECH ENVIRON, V13, P363, DOI 10.1007/978-3-319-11469-9_15	8.0	0.003606824731000906	2.9355	2015	2015	2016	2	1.0	1	0
ARCAUTE E, 2016, ROY SOC OPEN SCI, V3, P0, DOI 10.1098/RSOS.150691	6.0	0.0058560827803028175	2.7464	2016	2017	2019	3	2.0	1	1
BATTY M, 2013, SCIENCE, V340, P1418, DOI 10.1126/SCIENCE.1239870	16.0	0.00832223359832189	2.5771	2013	2016	2019	4	4.0	1	3
NEWMAN MEJ, 2005, CONTEMP PHYS, V46, P323, DOI 10.1080/00107510500052444	7.0	0.016543283015804384	3.6789	2005	2011	2012	2	7.0	1	6
LEITAO JC, 2016, ROY SOC OPEN SCI, V3, P0, DOI 10.1098/RSOS.150649	11.0	0.008807979780105125	5.0488	2016	2017	2019	3	2.0	1	1
BATTY M, 2005, CITIES COMPLEXITY UN, V0, P0	7.0	0.0013369435776784118	3.3716	2005	2012	2013	2	7.0	1	7
BATTY M, 2005, CITIES COMPLEXITY, V0, P0	6.0	0.010706374962557219	2.8884	2005	2012	2013	2	8.0	1	7
LOBO J, 2013, PLOS ONE, V8, P0, DOI 10.1371/JOURNAL.PONE.0058407	24.0	0.013206251280726526	3.8814	2013	2016	2019	4	3.0	1	3
BROCKMANN D, 2006, NATURE, V439, P462, DOI 10.1038/NATURE04292	6.0	0.017039963418695597	2.909	2006	2013	2014	2	8.0	1	7
BETTENCOURT LMA, 2013, SCIENCE, V340, P1438, DOI 10.1126/SCIENCE.1235823	138.0	0.12924089717128562	14.8327	2013	2016	2019	4	3.0	1	3
ZHANG JA, 2010, PHYSICA A, V389, P4887, DOI 10.1016/J.PHYSA.2010.06.059	13.0	0.0010821563134517692	2.6659	2010	2011	2012	2	2.0	1	1
LU L, 2010, PLOS ONE, V5, P0, DOI 10.1371/JOURNAL.PONE.0014139	6.0	0.021789796777743144	3.1516	2010	2011	2012	2	2.0	1	1
OLIVEIRA EA, 2014, SCI REP-UK, V4, P0, DOI 10.1038/SREP04235	25.0	0.07226339449840476	3.2495	2014	2015	2019	5	2.0	1	1
BATTY M, 2008, SCIENCE, V319, P769, DOI 10.1126/SCIENCE.1151419	89.0	0.19520319075232523	3.3504	2008	2009	2010	2	6.0	1	1
KAUPPI PE, 2006, P NATL ACAD SCI USA, V103, P17574, DOI 10.1073/PNAS.0608343103	2.0	0.005242910399547762	0.0	2006	-1	-1	0	2.0	0	13
SHORT MB, 2010, SIAM J APPL DYN SYST, V9, P462, DOI 10.1137/090759069	2.0	3.942095802735542E-5	0.0	2010	-1	-1	0	3.0	0	9
MCGRANAHAN G, 2007, SCALING URBAN ENV CH, V0, P18	2.0	0.0	0.0	2007	-1	-1	0	5.0	0	12
SOO KT, 2005, REG SCI URBAN ECON, V35, P239, DOI 10.1016/J.REGSCIURBECO.2004.04.004	2.0	0.0	0.0	2005	-1	-1	0	7.0	0	14
GLAESER EL, 2009, J ECON LIT, V47, P983, DOI 10.1257/JEL.47.4.983	3.0	0.0012924575918885533	0.0	2009	-1	-1	0	7.0	0	10
DODMAN D, 2009, ENVIRON URBAN, V21, P185, DOI 10.1177/0956247809103016	3.0	5.181732074261025E-4	0.0	2009	-1	-1	0	1.0	0	10
KATZ JS, 2006, RES POLICY, V35, P893, DOI 10.1016/J.RESPOL.2006.03.007	2.0	0.0056102575942816426	0.0	2006	-1	-1	0	7.0	0	13
WEISZ H, 2010, CURR OPIN SUST, V2, P185, DOI 10.1016/J.COSUST.2010.05.010	3.0	0.0027612244204873204	0.0	2010	-1	-1	0	2.0	0	9
PUMAIN D, 2006, METHODS SER, V3, P1, DOI 10.1007/1-4020-4127-6	2.0	0.0	0.0	2006	-1	-1	0	6.0	0	13
CALDARELLI G, 2007, SCALE FREE NETWORKS, V0, P0	2.0	0.0	0.0	2007	-1	-1	0	5.0	0	12
RODRIGUEZ M, 2008, AM J BOT, V95, P1523, DOI 10.3732/AJB.0800161	2.0	5.1976484607832146E-5	0.0	2008	-1	-1	0	3.0	0	11
DERRIBLE S, 2010, PHYSICA A, V389, P3678, DOI 10.1016/J.PHYSA.2010.04.008	3.0	0.004362490809240805	0.0	2010	-1	-1	0	2.0	0	9
AMINI A, 2014, EPJ DATA SCI, V3, P0, DOI 10.1140/EPJDS31	3.0	1.0035905941974538E-4	0.0	2014	-1	-1	0	2.0	0	5
WU F, 2009, P 11 IEEE INT C COMP, V4, P409, DOI DOI 10.1109/CSE.2009.430	2.0	5.1976484607832146E-5	0.0	2009	-1	-1	0	2.0	0	10
MASUCCI AP, 2009, EUR PHYS J B, V71, P259, DOI 10.1140/EPJB/E2009-00290-4	6.0	0.0020117215905562417	0.0	2009	-1	-1	0	8.0	0	10
BULDYREV SV, 2010, NATURE, V464, P1025, DOI 10.1038/NATURE08932	5.0	0.00700866349256941	0.0	2010	-1	-1	0	4.0	0	9
ROZENFELD HD, 2011, AM ECON REV, V101, P2205, DOI 10.1257/AER.101.5.2205	21.0	0.06267697457762827	0.0	2011	-1	-1	0	4.0	0	8
HIDALGO CA, 2009, P NATL ACAD SCI USA, V106, P10570, DOI 10.1073/PNAS.0900943106	3.0	6.536248177148843E-4	0.0	2009	-1	-1	0	8.0	0	10
GONZALEZ MC, 2008, NATURE, V453, P779, DOI 10.1038/NATURE06958	29.0	0.08687418703346145	0.0	2008	-1	-1	0	7.0	0	11
QUINN D, 2007, URBAN METABOLISM ECO, V0, P0	2.0	0.0	0.0	2007	-1	-1	0	5.0	0	12
HOLME P, 2004, SOC NETWORKS, V26, P155, DOI 10.1016/J.SOCNET.2004.01.077	2.0	0.019457003263858536	0.0	2004	-1	-1	0	6.0	0	15
KENNEDY C, 2007, J IND ECOL, V11, P43, DOI 10.1162/JIE.2007.1107	12.0	0.0423384513512472	0.0	2007	-1	-1	0	6.0	0	12
GRIMM NB, 2000, BIOSCIENCE, V50, P571, DOI 10.1641/0006-3568(2000)050[0571:IATLTO]2.0.CO;2	2.0	0.01104779907904493	0.0	2000	-1	-1	0	8.0	0	19
KNUDSEN B, 2008, ANN ASSOC AM GEOGR, V98, P461, DOI 10.1080/00045600701851150	2.0	0.003344859485482235	0.0	2008	-1	-1	0	5.0	0	11
CHEN YG, 2009, CHAOS SOLITON FRACT, V40, P1766, DOI 10.1016/J.CHAOS.2007.09.059	2.0	0.0	0.0	2009	-1	-1	0	3.0	0	10
SEMBOLONI F, 2008, EUR PHYS J B, V63, P295, DOI 10.1140/EPJB/E2008-00203-1	2.0	0.0	0.0	2008	-1	-1	0	4.0	0	11
DHAKAL S, 2010, CURR OPIN SUST, V2, P277, DOI 10.1016/J.COSUST.2010.05.007	2.0	0.0	0.0	2010	-1	-1	0	2.0	0	9
KENNEDY C, 2009, ENVIRON SCI TECHNOL, V43, P7297, DOI 10.1021/ES900213P	24.0	0.15802518575460883	0.0	2009	-1	-1	0	5.0	0	10
MINX J, 2013, ENVIRON RES LETT, V8, P0, DOI 10.1088/1748-9326/8/3/035039	3.0	0.0	0.0	2013	-1	-1	0	5.0	0	6
HOFMANN M, 2012, URBAN FOR URBAN GREE, V11, P303, DOI 10.1016/J.UFUG.2012.04.001	2.0	5.632068006315139E-4	0.0	2012	-1	-1	0	1.0	0	7
MILINSKI M, 2006, P NATL ACAD SCI USA, V103, P3994, DOI 10.1073/PNAS.0504902103	2.0	5.369612431612159E-4	0.0	2006	-1	-1	0	2.0	0	13
CODOBAN N, 2008, J URBAN PLAN D-ASCE, V134, P21, DOI 10.1061/(ASCE)0733-9488(2008)134:1(21)	4.0	0.003558222922040776	0.0	2008	-1	-1	0	4.0	0	11
MARCOTULLIO PJ, 2013, CLIMATIC CHANGE, V121, P621, DOI 10.1007/S10584-013-0977-Z	3.0	0.008597264938051585	0.0	2013	-1	-1	0	4.0	0	6
WALSH CJ, 2005, J N AM BENTHOL SOC, V24, P706, DOI 10.1899/0887-3593(2005)024\\[0706:TUSSCK\\]2.0.CO;2	2.0	0.0	0.0	2005	-1	-1	0	3.0	0	14
NOMALER O, 2014, PLOS ONE, V9, P0, DOI 10.1371/JOURNAL.PONE.0110805	3.0	0.0	0.0	2014	-1	-1	0	2.0	0	5
MILLER JH, 2007, PRINC STUD COMPLEX, V0, P1, DOI 10.1007/1-4020-5602-8_1	2.0	0.0	0.0	2007	-1	-1	0	5.0	0	12
CHEN YG, 2008, FRACTAL URBAN SYSTEM, V0, P0	3.0	0.005992586989860259	0.0	2008	-1	-1	0	6.0	0	11
RAMASWAMI A, 2016, SCIENCE, V352, P940, DOI 10.1126/SCIENCE.AAF7160	4.0	4.3405591860796745E-4	0.0	2016	-1	-1	0	2.0	0	3
ROTH C, 2011, PLOS ONE, V6, P0, DOI 10.1371/JOURNAL.PONE.0015923	12.0	0.01086222237076304	0.0	2011	-1	-1	0	4.0	0	8
GLAESER E, 2011, SCIENCE, V333, P592, DOI 10.1126/SCIENCE.1209264	3.0	0.0	0.0	2011	-1	-1	0	2.0	0	8
HENDERSON JV, 2004, HDB REGIONAL URBAN E, V4, P2341, DOI DOI 10.1016/S1574-0080(04)80010-5	2.0	4.034353795869722E-4	0.0	2004	-1	-1	0	7.0	0	15
ROCKSTROM J, 2009, NATURE, V461, P472, DOI 10.1038/461472A	5.0	0.01950729799426296	0.0	2009	-1	-1	0	6.0	0	10
CHAN SHY, 2011, EUR PHYS J B, V84, P563, DOI 10.1140/EPJB/E2011-10889-3	3.0	0.0018929851859962115	0.0	2011	-1	-1	0	6.0	0	8
CHEN YG, 2010, INT J URBAN SUSTAIN, V1, P89, DOI 10.1080/19463131003661025	3.0	0.0024355602219245974	0.0	2010	-1	-1	0	4.0	0	9
KENNEDY CA, 2011, EVOLUTION GREAT WORL, V0, P0	4.0	0.0029946615775501492	0.0	2011	-1	-1	0	2.0	0	8
OLIVER-SOLA J, 2009, APPL ENERG, V86, P1915, DOI 10.1016/J.APENERGY.2008.11.029	2.0	7.168694384031879E-4	0.0	2009	-1	-1	0	2.0	0	10
BANAVAR JR, 2010, P NATL ACAD SCI USA, V107, P15816, DOI 10.1073/PNAS.1009974107	3.0	0.02998470034890749	0.0	2010	-1	-1	0	2.0	0	9
GOMEZ-LIEVANO A, 2012, PLOS ONE, V7, P0, DOI 10.1371/JOURNAL.PONE.0040393	31.0	0.12772049999744223	0.0	2012	-1	-1	0	4.0	0	7
PEI T, 2014, INT J GEOGR INF SCI, V28, P1988, DOI 10.1080/13658816.2014.913794	6.0	0.002657482985776468	0.0	2014	-1	-1	0	2.0	0	5
BROCKMANN D, 2013, SCIENCE, V342, P1337, DOI 10.1126/SCIENCE.1245200	3.0	3.080404689708506E-5	0.0	2013	-1	-1	0	2.0	0	6
SAMANIEGO H, 2008, J TRANSLAND USE, V1, P21, DOI DOI 10.5198/JTLU.V1I1.29	20.0	0.10658920562787493	0.0	2008	-1	-1	0	6.0	0	11
OLDEN JD, 2006, J BIOGEOGR, V33, P2027, DOI 10.1111/J.1365-2699.2006.01572.X	2.0	0.008979134427478119	0.0	2006	-1	-1	0	7.0	0	13
CHEN YG, 2009, CHAOS SOLITON FRACT, V39, P49, DOI 10.1016/J.CHAOS.2007.01.130	3.0	0.005083633067742139	0.0	2009	-1	-1	0	5.0	0	10
GANGOPADHYAY K, 2009, PHYSICA A, V388, P2682, DOI 10.1016/J.PHYSA.2009.03.019	2.0	0.0	0.0	2009	-1	-1	0	3.0	0	10
SHAO J, 2011, EPL-EUROPHYS LETT, V94, P0, DOI 10.1209/0295-5075/94/48001	2.0	0.0	0.0	2011	-1	-1	0	1.0	0	8
HUBACEK K, 2009, J CLEAN PROD, V17, P1241, DOI 10.1016/J.JCLEPRO.2009.03.011	2.0	0.0	0.0	2009	-1	-1	0	3.0	0	10
SCHEFFER M, 2009, NATURE, V461, P53, DOI 10.1038/NATURE08227	3.0	0.0	0.0	2009	-1	-1	0	6.0	0	10
MELO HPM, 2014, SCI REP-UK, V4, P0, DOI 10.1038/SREP06239	3.0	0.0	0.0	2014	-1	-1	0	1.0	0	5
BETTENCOURT LMA, 2013, HYPOTHESIS URBAN SCA, V0, P0	3.0	0.002333957488613517	0.0	2013	-1	-1	0	3.0	0	6
LIBEN-NOWELL D, 2005, P NATL ACAD SCI USA, V102, P11623, DOI 10.1073/PNAS.0503018102	2.0	0.0	0.0	2005	-1	-1	0	7.0	0	14
BERNHARDT ES, 2007, FRESHWATER BIOL, V52, P738, DOI 10.1111/J.1365-2427.2006.01718.X	2.0	0.01104779907904493	0.0	2007	-1	-1	0	1.0	0	12
HENRICH J, 2016, SECRET OF OUR SUCCESS: HOW CULTURE IS DRIVING HUMAN EVOLUTION, V0, P0	3.0	0.02998470168281489	0.0	2016	-1	-1	0	0.0	0	3
BALCAN D, 2009, P NATL ACAD SCI USA, V106, P21484, DOI 10.1073/PNAS.0906910106	10.0	0.020685044975456444	0.0	2009	-1	-1	0	5.0	0	10
BUGLIARELLO G, 2006, TECHNOL SOC, V28, P19, DOI 10.1016/J.TECHSOC.2005.10.018	2.0	7.168694384031879E-4	0.0	2006	-1	-1	0	5.0	0	13
KAYE JP, 2006, TRENDS ECOL EVOL, V21, P192, DOI 10.1016/J.TREE.2005.12.006	2.0	0.0	0.0	2006	-1	-1	0	2.0	0	13
HANSON S, 2004, GEOGRAPHY URBAN TRAN, V0, P0	2.0	0.0	0.0	2004	-1	-1	0	8.0	0	15
GLAESER EL, 2010, J URBAN ECON, V67, P404, DOI 10.1016/J.JUE.2009.11.006	3.0	0.0	0.0	2010	-1	-1	0	3.0	0	9
RATTI C, 2006, ENVIRON PLANN B, V33, P727, DOI 10.1068/B32047	2.0	0.0045539310271883945	0.0	2006	-1	-1	0	7.0	0	13
JIANG B, 2011, INT J GEOGR INF SCI, V25, P1269, DOI 10.1080/13658816.2010.510801	11.0	0.001722481191253822	0.0	2011	-1	-1	0	6.0	0	8
BATTY M, 2012, CITIES, V29, P0, DOI 10.1016/J.CITIES.2011.11.008	7.0	0.0	0.0	2012	-1	-1	0	6.0	0	7
SONG CM, 2010, SCIENCE, V327, P1018, DOI 10.1126/SCIENCE.1177170	3.0	0.0	0.0	2010	-1	-1	0	4.0	0	9
GEA, 2012, GLOB EN ASS SUST FUT, V0, P0	2.0	0.01112623966260393	0.0	2012	-1	-1	0	1.0	0	7
SOLE RV, 2013, COMPLEXITY, V18, P15, DOI 10.1002/CPLX.21436	3.0	0.0	0.0	2013	-1	-1	0	3.0	0	6
ALVES LGA, 2015, PLOS ONE, V10, P0, DOI 10.1371/JOURNAL.PONE.0134862	6.0	0.006060552744678879	0.0	2015	-1	-1	0	3.0	0	4
KITSAK M, 2010, NAT PHYS, V6, P888	3.0	0.0	0.0	2010	-1	-1	0	5.0	0	9
XIE F, 2009, COMPUT ENVIRON URBAN, V33, P211, DOI 10.1016/J.COMPENVURBSYS.2008.09.009	2.0	0.0	0.0	2009	-1	-1	0	3.0	0	10
ARBESMAN S, 2011, PHYSICA A, V390, P2155, DOI 10.1016/J.PHYSA.2011.02.013	2.0	0.0056102575942816426	0.0	2011	-1	-1	0	2.0	0	8
KLINE MA, 2010, P ROY SOC B-BIOL SCI, V277, P2559, DOI 10.1098/RSPB.2010.0452	7.0	0.02819030615492625	0.0	2010	-1	-1	0	7.0	0	9
LIU JY, 2005, AMBIO, V34, P450, DOI 10.1639/0044-7447(2005)034[0450:SPADFO]2.0.CO;2	2.0	3.165570907243187E-4	0.0	2005	-1	-1	0	5.0	0	14
TURNER BL, 2007, P NATL ACAD SCI USA, V104, P20666, DOI 10.1073/PNAS.0704119104	3.0	6.172760826605879E-4	0.0	2007	-1	-1	0	8.0	0	12
BONNER JT, 2006, WHY SIZE MATTERS BAC, V0, P0	2.0	0.0	0.0	2006	-1	-1	0	6.0	0	13
STRANO E, 2013, ENVIRON PLANN B, V40, P1071, DOI 10.1068/B38216	4.0	6.402219035268186E-4	0.0	2013	-1	-1	0	4.0	0	6
BARLES S, 2009, J IND ECOL, V13, P898, DOI 10.1111/J.1530-9290.2009.00169.X	2.0	0.0	0.0	2009	-1	-1	0	3.0	0	10
READES J, 2009, ENVIRON PLANN B, V36, P824, DOI 10.1068/B34133T	3.0	0.0014478123782024437	0.0	2009	-1	-1	0	6.0	0	10
NIZA S, 2009, J IND ECOL, V13, P384, DOI 10.1111/J.1530-9290.2009.00130.X	2.0	0.0	0.0	2009	-1	-1	0	3.0	0	10
BRIAN AW, 2009, NATURE TECHNOLOGY WH, V0, P0	3.0	7.501425030643633E-4	0.0	2009	-1	-1	0	8.0	0	10
YOUN H, 2016, J R SOC INTERFACE, V13, P0, DOI 10.1098/RSIF.2015.0937	6.0	5.374036781984311E-4	0.0	2016	-1	-1	0	2.0	0	3
BETTENCOURT LMA, 2012, 1209014 SANT FE I, V0, P0	2.0	0.010656980606024078	0.0	2012	-1	-1	0	1.0	0	7
DERRIBLE S, 2010, TRANSPORTATION, V37, P275, DOI 10.1007/S11116-009-9227-7	3.0	0.004362490809240805	0.0	2010	-1	-1	0	2.0	0	9
UNITED N, 2008, WORLD URB PROSP 2007, V0, P0	3.0	0.0	0.0	2008	-1	-1	0	3.0	0	11
WATERS JS, 2010, AM NAT, V176, P501, DOI 10.1086/656266	3.0	0.0	0.0	2010	-1	-1	0	6.0	0	9
JONES CI, 2010, AM ECON J-MACROECON, V2, P224, DOI 10.1257/MAC.2.1.224	3.0	0.030469434363970364	0.0	2010	-1	-1	0	6.0	0	9
JIANG B, 2009, INT J GEOGR INF SCI, V23, P1033, DOI 10.1080/13658810802004648	2.0	0.0	0.0	2009	-1	-1	0	3.0	0	10
LAMBIN EF, 2011, P NATL ACAD SCI USA, V108, P3465, DOI 10.1073/PNAS.1100480108	3.0	0.0	0.0	2011	-1	-1	0	4.0	0	8
GLAESER E, 2011, TRIUMPH CITY OUR GRE, V0, P0	26.0	0.018586645238717524	0.0	2011	-1	-1	0	5.0	0	8
BROWN MA, 2008, SHRINKING CARBON FOO, V0, P0	2.0	0.0	0.0	2008	-1	-1	0	4.0	0	11
LEBEL L, 2007, J IND ECOL, V11, P61, DOI 10.1162/JIE.2007.1185	2.0	0.0	0.0	2007	-1	-1	0	5.0	0	12
CREUTZIG F, 2015, P NATL ACAD SCI USA, V112, P6283, DOI 10.1073/PNAS.1315545112	3.0	0.005547371655192389	0.0	2015	-1	-1	0	3.0	0	4
SHAO J, 2007, EUR PHYS J B, V56, P157, DOI 10.1140/EPJB/E2007-00098-2	3.0	0.0	0.0	2007	-1	-1	0	5.0	0	12
EECKHOUT J, 2004, AM ECON REV, V94, P1429, DOI 10.1257/0002828043052303	2.0	0.0	0.0	2004	-1	-1	0	5.0	0	15
RAMASWAMI A, 2008, ENVIRON SCI TECHNOL, V42, P6455, DOI 10.1021/ES702992Q	2.0	0.0	0.0	2008	-1	-1	0	4.0	0	11
PUGA D, 2010, J REGIONAL SCI, V50, P203, DOI 10.1111/J.1467-9787.2009.00657.X	3.0	0.014610549213325776	0.0	2010	-1	-1	0	3.0	0	9
PICOLI S, 2008, PHYS REV E, V77, P0, DOI 10.1103/PHYSREVE.77.036105	2.0	0.0	0.0	2008	-1	-1	0	5.0	0	11
EAGLE N, 2009, P NATL ACAD SCI USA, V106, P15274, DOI 10.1073/PNAS.0900282106	2.0	0.0034845618568423225	0.0	2009	-1	-1	0	4.0	0	10
FRY JA, 2011, PHOTOGRAMM ENG REM S, V77, P859	4.0	0.0	0.0	2011	-1	-1	0	7.0	0	8
GRIMM NB, 2008, SCIENCE, V319, P756, DOI 10.1126/SCIENCE.1150195	28.0	0.18253653014210763	0.0	2008	-1	-1	0	6.0	0	11
SMIL V, 2008, ENERGY NATURE SOC GE, V0, P0	6.0	0.01589624657933872	0.0	2008	-1	-1	0	7.0	0	11
MICHEL JB, 2011, SCIENCE, V331, P176, DOI 10.1126/SCIENCE.1199644	3.0	0.0020258189684116998	0.0	2011	-1	-1	0	3.0	0	8
STEFFEN W, 2015, SCIENCE, V347, P0, DOI 10.1126/SCIENCE.1259855	3.0	0.0033535908461767732	0.0	2015	-1	-1	0	2.0	0	4
PICOLI S, 2006, EUROPHYS LETT, V75, P673, DOI 10.1209/EPL/I2006-10162-1	2.0	0.0	0.0	2006	-1	-1	0	7.0	0	13
ICLEI, 2009, INT LOC GOV GHG EM A, V0, P0	2.0	0.0	0.0	2009	-1	-1	0	3.0	0	10
EAGLE N, 2010, SCIENCE, V328, P1029, DOI 10.1126/SCIENCE.1186605	8.0	0.012997271479589486	0.0	2010	-1	-1	0	5.0	0	9
DEREX M, 2013, NATURE, V503, P389, DOI 10.1038/NATURE12774	4.0	0.0	0.0	2013	-1	-1	0	3.0	0	6
HILL KR, 2011, SCIENCE, V331, P1286, DOI 10.1126/SCIENCE.1199071	3.0	0.0	0.0	2011	-1	-1	0	5.0	0	8
DORSOGNA MR, 2015, PHYS LIFE REV, V12, P1, DOI 10.1016/J.PLREV.2014.11.001	4.0	0.004408128730561404	0.0	2015	-1	-1	0	3.0	0	4
CORDOBA JC, 2008, J URBAN ECON, V63, P177, DOI 10.1016/J.JUE.2007.01.005	4.0	0.006093931660938656	0.0	2008	-1	-1	0	4.0	0	11
SCHULZ NB, 2010, ENERG POLICY, V38, P4848, DOI 10.1016/J.ENPOL.2009.08.066	5.0	0.010470865190858495	0.0	2010	-1	-1	0	4.0	0	9
DALLIMER M, 2011, BIOL LETTERS, V7, P763, DOI 10.1098/RSBL.2011.0025	2.0	5.632068006315139E-4	0.0	2011	-1	-1	0	2.0	0	8
NEWMAN ME, 2010, NETWORKS INTRO, V0, P0	13.0	0.00289882918354497	0.0	2010	-1	-1	0	5.0	0	9
LAMMER S, 2008, J STAT MECH-THEORY E, V0, P0, DOI 10.1088/1742-5468/2008/04/P04019	2.0	0.0	0.0	2008	-1	-1	0	5.0	0	11
STELLA AL, 2010, J STAT MECH-THEORY E, V0, P0, DOI 10.1088/1742-5468/2010/02/P02018	2.0	0.0	0.0	2010	-1	-1	0	1.0	0	9
MARSHALL JD, 2007, URBAN STUD, V44, P1889, DOI 10.1080/00420980701471943	2.0	0.0025558188618414867	0.0	2007	-1	-1	0	4.0	0	12
GLAESER EL, 2010, J REGIONAL SCI, V50, P221, DOI 10.1111/J.1467-9787.2009.00635.X	2.0	0.001003271706064157	0.0	2010	-1	-1	0	2.0	0	9
ALVES LGA, 2015, EPL-EUROPHYS LETT, V111, P0, DOI 10.1209/0295-5075/111/18002	3.0	0.002452880563896274	0.0	2015	-1	-1	0	2.0	0	4
ALVES LGA, 2013, PLOS ONE, V8, P0, DOI 10.1371/JOURNAL.PONE.0069580	19.0	0.009091676987228351	0.0	2013	-1	-1	0	4.0	0	6
BATTY M, 2008, EUR PHYS J B, V63, P303, DOI 10.1140/EPJB/E2008-00251-5	10.0	0.05347041296682763	0.0	2008	-1	-1	0	6.0	0	11
HAUSMANN R, 2011, J ECON GROWTH, V16, P309, DOI 10.1007/S10887-011-9071-4	3.0	0.0	0.0	2011	-1	-1	0	6.0	0	8
LOBO J, 2008, J URBAN ECON, V63, P871, DOI 10.1016/J.JUE.2007.07.005	6.0	0.0	0.0	2008	-1	-1	0	7.0	0	11
ARTHUR BW, 2009, NATURE TECHNOLOGY WH, V0, P0	3.0	0.01005317986450062	0.0	2009	-1	-1	0	7.0	0	10
SETO KC, 2012, P NATL ACAD SCI USA, V109, P7687, DOI 10.1073/PNAS.1117622109	11.0	0.01784855062674606	0.0	2012	-1	-1	0	3.0	0	7
ROBERTS BH, 2004, J CLEAN PROD, V12, P997, DOI 10.1016/J.JCLEPRO.2004.02.037	2.0	3.496758309266568E-5	0.0	2004	-1	-1	0	7.0	0	15
PARSHALL L, 2010, ENERG POLICY, V38, P4765, DOI 10.1016/J.ENPOL.2009.07.006	5.0	0.010470865190858495	0.0	2010	-1	-1	0	4.0	0	9
JIANG B, 2010, GEOSPATIAL ANAL MODE, V0, P0	3.0	0.008491549691751327	0.0	2010	-1	-1	0	2.0	0	9
SCHNEIDER CM, 2013, J R SOC INTERFACE, V10, P0, DOI 10.1098/RSIF.2013.0246	3.0	1.4326292876249984E-4	0.0	2013	-1	-1	0	2.0	0	6
PICKETT STA, 2011, J ENVIRON MANAGE, V92, P331, DOI 10.1016/J.JENVMAN.2010.08.022	3.0	1.699813006093916E-5	0.0	2011	-1	-1	0	3.0	0	8
WIEDENHOFER D, 2013, ENERG POLICY, V63, P696, DOI 10.1016/J.ENPOL.2013.07.035	3.0	1.3268736450333635E-4	0.0	2013	-1	-1	0	3.0	0	6
LILJEROS F, 2003, MICROBES INFECT, V5, P189, DOI 10.1016/S1286-4579(02)00058-8	2.0	0.0	0.0	2003	-1	-1	0	7.0	0	16
CHEN YG, 2010, DISCRETE DYN NAT SOC, V0, P0, DOI 10.1155/2010/194715	10.0	0.03631697781766643	0.0	2010	-1	-1	0	4.0	0	9
SONG CM, 2010, NAT PHYS, V6, P818, DOI 10.1038/NPHYS1760	9.0	0.0062824098934868115	0.0	2010	-1	-1	0	5.0	0	9
KANDER A, 2014, POWER PEOPLE ENERGY, V0, P0	3.0	0.009100308385360455	0.0	2014	-1	-1	0	2.0	0	5
WEST GB, 2017, SCALE UNIVERSAL LAWS, V0, P0	7.0	0.002465829508107853	0.0	2017	-1	-1	0	1.0	0	2
FROLKING S, 2013, ENVIRON RES LETT, V8, P0, DOI 10.1088/1748-9326/8/2/024004	4.0	0.0	0.0	2013	-1	-1	0	2.0	0	6
LAMSAL LN, 2013, ENVIRON SCI TECHNOL, V47, P7855, DOI 10.1021/ES400744G	3.0	0.0	0.0	2013	-1	-1	0	3.0	0	6
ROZENFELD HD, 2011, AM ECON REV, V101, P560	2.0	0.0	0.0	2011	-1	-1	0	1.0	0	8
ORTMAN SG, 2015, SCI ADV, V1, P0, DOI 10.1126/SCIADV.1400066	7.0	0.023803577531128307	0.0	2015	-1	-1	0	3.0	0	4
LARSEN HN, 2009, ENVIRON SCI POLICY, V12, P791, DOI 10.1016/J.ENVSCI.2009.07.010	2.0	0.0	0.0	2009	-1	-1	0	3.0	0	10
SHANAHAN DF, 2011, BIOL CONSERV, V144, P722, DOI 10.1016/J.BIOCON.2010.10.014	2.0	0.0	0.0	2011	-1	-1	0	2.0	0	8
KNOX PL, 2006, PLACES REGIONS GLOBA, V0, P0	2.0	0.0	0.0	2006	-1	-1	0	6.0	0	13
GORDON MB, 2010, EUR J APPL MATH, V21, P283, DOI 10.1017/S0956792510000069	2.0	0.010605861406051175	0.0	2010	-1	-1	0	3.0	0	9
DE GROOT R, 2010, ECOL COMPLEX, V7, P260, DOI 10.1016/J.ECOCOM.2009.10.006	3.0	6.0107526046784955E-5	0.0	2010	-1	-1	0	5.0	0	9
SEDGLEY N, 2011, AM J ECON SOCIOL, V70, P86, DOI 10.1111/J.1536-7150.2010.00764.X	2.0	0.001096256801451061	0.0	2011	-1	-1	0	2.0	0	8
WU F, 2007, P NATL ACAD SCI USA, V104, P17599, DOI 10.1073/PNAS.0704916104	3.0	3.3284577167832233E-4	0.0	2007	-1	-1	0	7.0	0	12
KENNEDY C, 2010, ENERG POLICY, V38, P4828, DOI 10.1016/J.ENPOL.2009.08.050	3.0	1.2238654104143723E-4	0.0	2010	-1	-1	0	2.0	0	9
PODOBNIK B, 2010, P NATL ACAD SCI USA, V107, P18325, DOI 10.1073/PNAS.1011942107	3.0	0.0	0.0	2010	-1	-1	0	2.0	0	9
BARTHELEMY M, 2011, PHYS REP, V499, P1, DOI 10.1016/J.PHYSREP.2010.11.002	30.0	0.08235900865289279	0.0	2011	-1	-1	0	4.0	0	8
PHALAN B, 2011, SCIENCE, V333, P1289, DOI 10.1126/SCIENCE.1208742	2.0	0.0	0.0	2011	-1	-1	0	2.0	0	8
KATES RW, 2003, P NATL ACAD SCI USA, V100, P8062, DOI 10.1073/PNAS.1231331100	2.0	0.009224764450080815	0.0	2003	-1	-1	0	5.0	0	16
EXPERT P, 2011, P NATL ACAD SCI USA, V108, P7663, DOI 10.1073/PNAS.1018962108	7.0	0.004171082557849963	0.0	2011	-1	-1	0	4.0	0	8
SAMANIEGO H, 2008, J TRANSPORT LAND USE, V1, P0	2.0	0.001003271706064157	0.0	2008	-1	-1	0	4.0	0	11
BETTENCOURT LM, 2013, ARXIV13015919, V0, P0	3.0	0.0017186333343181483	0.0	2013	-1	-1	0	5.0	0	6
FLORIDA R, 2004, CITIES CREATIVE CLAS, V0, P0	2.0	0.0	0.0	2004	-1	-1	0	4.0	0	15
SCHULZ NB, 2007, J IND ECOL, V11, P117, DOI 10.1162/JIE.2007.1200	2.0	0.0	0.0	2007	-1	-1	0	5.0	0	12
CLAUSET A, 2009, SIAM REV, V51, P661, DOI 10.1137/070710111	39.0	0.054190518160089345	0.0	2009	-1	-1	0	6.0	0	10
MOHAJERI N, 2015, TRANSPORT RES D-TR E, V35, P116, DOI 10.1016/J.TRD.2014.11.025	4.0	0.0023040310260490013	0.0	2015	-1	-1	0	2.0	0	4
ANGEL S, 2011, PROG PLANN, V75, P53, DOI 10.1016/J.PROGRESS.2011.04.001	5.0	0.001442043545784203	0.0	2011	-1	-1	0	2.0	0	8
HUFNAGEL L, 2004, P NATL ACAD SCI USA, V101, P15124, DOI 10.1073/PNAS.0308344101	2.0	0.0	0.0	2004	-1	-1	0	8.0	0	15
ALVES LGA, 2014, PHYSICA A, V409, P175, DOI 10.1016/J.PHYSA.2014.04.046	5.0	0.002813999419754415	0.0	2014	-1	-1	0	4.0	0	5
MOSES ME, 2003, ECOL LETT, V6, P295, DOI 10.1046/J.1461-0248.2003.00446.X	2.0	9.565947751992996E-4	0.0	2003	-1	-1	0	7.0	0	16
STEFFEN W, 2015, ANTHROPOCENE REV, V2, P81, DOI 10.1177/2053019614564785	4.0	0.001171907537277627	0.0	2015	-1	-1	0	2.0	0	4
LEVINSON D, 2012, PLOS ONE, V7, P0, DOI 10.1371/JOURNAL.PONE.0029721	3.0	2.223627154526815E-4	0.0	2012	-1	-1	0	2.0	0	7
MCDONALD RI, 2008, BIOL CONSERV, V141, P1695, DOI 10.1016/J.BIOCON.2008.04.025	3.0	0.0	0.0	2008	-1	-1	0	7.0	0	11
HILLMAN T, 2010, ENVIRON SCI TECHNOL, V44, P1902, DOI 10.1021/ES9024194	6.0	0.0192085171130998	0.0	2010	-1	-1	0	4.0	0	9
BATTY M, 2012, EUR PHYS J-SPEC TOP, V214, P481, DOI 10.1140/EPJST/E2012-01703-3	3.0	0.0	0.0	2012	-1	-1	0	5.0	0	7
READES J, 2007, IEEE PERVAS COMPUT, V6, P30, DOI 10.1109/MPRV.2007.53	3.0	0.0014478123782024437	0.0	2007	-1	-1	0	8.0	0	12
KUBISZEWSKI I, 2013, ECOL ECON, V93, P57, DOI 10.1016/J.ECOLECON.2013.04.019	3.0	3.016935186919932E-4	0.0	2013	-1	-1	0	3.0	0	6
SETO KC, 2014, CLIMATE CHANGE 2014: MITIGATION OF CLIMATE CHANGE, V0, P923	3.0	0.0	0.0	2014	-1	-1	0	4.0	0	5
BEAUDRY C, 2009, RES POLICY, V38, P318, DOI 10.1016/J.RESPOL.2008.11.010	2.0	0.0	0.0	2009	-1	-1	0	4.0	0	10
SHORT MB, 2008, MATH MOD METH APPL S, V18, P1249, DOI 10.1142/S0218202508003029	2.0	3.942095802735542E-5	0.0	2008	-1	-1	0	5.0	0	11
FULLER RA, 2009, BIOL LETTERS, V5, P352, DOI 10.1098/RSBL.2009.0010	4.0	0.03937076186286202	0.0	2009	-1	-1	0	4.0	0	10
CARLINO GA, 2007, J URBAN ECON, V61, P389, DOI 10.1016/J.JUE.2006.08.003	3.0	0.0	0.0	2007	-1	-1	0	6.0	0	12
LOUF R, 2014, J R SOC INTERFACE, V11, P0, DOI 10.1098/RSIF.2014.0924	3.0	0.0012874714182931997	0.0	2014	-1	-1	0	3.0	0	5
BATTY M, 2006, METH SER, V0, P143	2.0	0.0	0.0	2006	-1	-1	0	6.0	0	13
FLORIDA R, 2008, WHOS YOUR CITY CREAT, V0, P0	3.0	0.0	0.0	2008	-1	-1	0	6.0	0	11
HUANG SL, 2006, RESOUR CONSERV RECY, V48, P166, DOI 10.1016/J.RESCONREC.2006.01.005	2.0	0.0	0.0	2006	-1	-1	0	6.0	0	13
KRINGS G, 2009, J STAT MECH-THEORY E, V0, P0, DOI 10.1088/1742-5468/2009/07/L07003	3.0	0.011394713690390858	0.0	2009	-1	-1	0	3.0	0	10
DERRIBLE S, 2009, TRANSP RES RECORD, V0, P17, DOI 10.3141/2112-03	2.0	0.001003271706064157	0.0	2009	-1	-1	0	3.0	0	10
BROWN JH, 2011, BIOSCIENCE, V61, P19, DOI 10.1525/BIO.2011.61.1.7	6.0	0.03548919287358038	0.0	2011	-1	-1	0	6.0	0	8
PALDINO S, 2015, EPJ DATA SCI, V4, P0, DOI 10.1140/EPJDS/S13688-015-0043-3	3.0	1.0035905941974538E-4	0.0	2015	-1	-1	0	1.0	0	4
SCHUETZE T, 2008, EVERY DROP COUNTS EN, V0, P0	2.0	7.168694384031879E-4	0.0	2008	-1	-1	0	3.0	0	11
STUMPF MPH, 2012, SCIENCE, V335, P665, DOI 10.1126/SCIENCE.1216142	3.0	0.0	0.0	2012	-1	-1	0	3.0	0	7
ZHANG QL, 2011, REMOTE SENS ENVIRON, V115, P2320, DOI 10.1016/J.RSE.2011.04.032	2.0	0.0	0.0	2011	-1	-1	0	2.0	0	8
BOCCALETTI S, 2006, PHYS REP, V424, P175, DOI 10.1016/J.PHYSREP.2005.10.009	5.0	0.0076406381182454524	0.0	2006	-1	-1	0	8.0	0	13
MURCIO R, 2015, PHYS REV E, V92, P0, DOI 10.1103/PHYSREVE.92.062130	3.0	7.08471843094196E-5	0.0	2015	-1	-1	0	2.0	0	4
BARTHELEMY M, 2008, PHYS REV LETT, V100, P0, DOI 10.1103/PHYSREVLETT.100.138702	2.0	8.702966746005521E-4	0.0	2008	-1	-1	0	5.0	0	11
HAMILTON MJ, 2009, P NATL ACAD SCI USA, V106, P12255, DOI 10.1073/PNAS.0905708106	3.0	0.0	0.0	2009	-1	-1	0	6.0	0	10
MCPHEARSON T, 2016, BIOSCIENCE, V66, P198, DOI 10.1093/BIOSCI/BIW002	3.0	0.0	0.0	2016	-1	-1	0	2.0	0	3
PORTUGALI J, 2012, COMPLEXITY THEORIES, V0, P0	5.0	0.002329599188802594	0.0	2012	-1	-1	0	5.0	0	7
GROFFMAN PM, 2005, J N AM BENTHOL SOC, V24, P613, DOI 10.1899/04-026.1	2.0	0.01104779907904493	0.0	2005	-1	-1	0	3.0	0	14
NEVENS F, 2013, J CLEAN PROD, V50, P111, DOI 10.1016/J.JCLEPRO.2012.12.001	3.0	0.0	0.0	2013	-1	-1	0	3.0	0	6
JORGENSON AK, 2010, ORGAN ENVIRON, V23, P189, DOI 10.1177/1086026610368376	2.0	0.0	0.0	2010	-1	-1	0	2.0	0	9
SATTERTHWAITE D, 2008, ENVIRON URBAN, V20, P539, DOI 10.1177/0956247808096127	3.0	0.0022949899850413067	0.0	2008	-1	-1	0	4.0	0	11
CHEN YG, 2008, CHAOS SOLITON FRACT, V35, P85, DOI 10.1016/J.CHAOS.2006.05.018	2.0	0.0	0.0	2008	-1	-1	0	4.0	0	11
KUNG KS, 2014, PLOS ONE, V9, P0, DOI 10.1371/JOURNAL.PONE.0096180	6.0	1.0035905941974538E-4	0.0	2014	-1	-1	0	2.0	0	5
HENRICH J, 2016, P NATL ACAD SCI USA, V113, P0, DOI 10.1073/PNAS.1610005113	3.0	0.005402890872067787	0.0	2016	-1	-1	0	1.0	0	3
ONNELA JP, 2007, P NATL ACAD SCI USA, V104, P7332, DOI 10.1073/PNAS.0610245104	5.0	0.015694189962772286	0.0	2007	-1	-1	0	7.0	0	12
ROCHA LEC, 2010, P NATL ACAD SCI USA, V107, P5706, DOI 10.1073/PNAS.0914080107	2.0	0.0	0.0	2010	-1	-1	0	1.0	0	9
DIAMOND J, 2005, COLLAPSE SOC CHOOSE, V0, P0	2.0	0.0	0.0	2005	-1	-1	0	7.0	0	14
GURNEY KR, 2012, ENVIRON SCI TECHNOL, V46, P12194, DOI 10.1021/ES3011282	3.0	0.0017619205874192044	0.0	2012	-1	-1	0	4.0	0	7
SERRANO MA, 2009, PLOS ONE, V4, P0, DOI 10.1371/JOURNAL.PONE.0005372	3.0	0.0029345729130820885	0.0	2009	-1	-1	0	3.0	0	10
IGLESIAS JR, 2012, PHYSICA A, V391, P3942, DOI 10.1016/J.PHYSA.2012.03.001	2.0	0.010605861406051175	0.0	2012	-1	-1	0	1.0	0	7
CHEN YG, 2012, PHYSICA A, V391, P767, DOI 10.1016/J.PHYSA.2011.07.010	2.0	0.0	0.0	2012	-1	-1	0	0.0	0	7
SOVACOOL BK, 2010, ENERG POLICY, V38, P4856, DOI 10.1016/J.ENPOL.2009.10.001	7.0	0.06180422638842897	0.0	2010	-1	-1	0	2.0	0	9
BROWN JH, 2004, ECOLOGY, V85, P1771, DOI 10.1890/03-9000	3.0	0.020048079536167315	0.0	2004	-1	-1	0	8.0	0	15
GONZALEZ GA, 2005, ENVIRON POLIT, V14, P344, DOI 10.1080/0964410500087558	2.0	0.0	0.0	2005	-1	-1	0	7.0	0	14
LENZEN M, 2010, J IND ECOL, V14, P73, DOI 10.1111/J.1530-9290.2009.00190.X	2.0	0.0	0.0	2010	-1	-1	0	2.0	0	9
BLOOM DE, 2008, SCIENCE, V319, P772, DOI 10.1126/SCIENCE.1153057	3.0	0.031780632524659874	0.0	2008	-1	-1	0	8.0	0	11
CHEN YG, 2012, CHAOS SOLITON FRACT, V45, P115, DOI 10.1016/J.CHAOS.2011.10.007	3.0	0.0016022969543425837	0.0	2012	-1	-1	0	2.0	0	7
PORTUGALI J, 2011, UNDERST COMPLEX SYST, V0, P1, DOI 10.1007/978-3-642-19451-1	3.0	0.0	0.0	2011	-1	-1	0	3.0	0	8
MAKIDO Y, 2012, URBAN CLIM, V2, P55, DOI 10.1016/J.UCLIM.2012.10.006	4.0	0.0023040310260490013	0.0	2012	-1	-1	0	5.0	0	7
OLIVER-SOLA J, 2009, INT J LIFE CYCLE ASS, V14, P302, DOI 10.1007/S11367-009-0083-7	2.0	7.168694384031879E-4	0.0	2009	-1	-1	0	2.0	0	10
BAEK SK, 2011, NEW J PHYS, V13, P0, DOI 10.1088/1367-2630/13/4/043004	2.0	0.0	0.0	2011	-1	-1	0	1.0	0	8
CRISTELLI M, 2012, SCI REP-UK, V2, P0, DOI 10.1038/SREP00812	4.0	3.804694369968309E-4	0.0	2012	-1	-1	0	3.0	0	7
VESPIGNANI A, 2012, NAT PHYS, V8, P32	3.0	0.0	0.0	2012	-1	-1	0	3.0	0	7
JUNG WS, 2008, EPL-EUROPHYS LETT, V81, P0, DOI 10.1209/0295-5075/81/48005	2.0	0.0	0.0	2008	-1	-1	0	4.0	0	11
ARBESMAN S, 2009, PHYS REV E, V79, P0, DOI 10.1103/PHYSREVE.79.016115	21.0	0.06401360880966447	0.0	2009	-1	-1	0	6.0	0	10
CLARK WC, 2007, P NATL ACAD SCI USA, V104, P1737, DOI 10.1073/PNAS.0611291104	2.0	7.168694384031879E-4	0.0	2007	-1	-1	0	4.0	0	12
SCHEFFER M, 2012, SCIENCE, V338, P344, DOI 10.1126/SCIENCE.1225244	5.0	0.0015711737685803811	0.0	2012	-1	-1	0	2.0	0	7
BASU B, 2009, INDIAN J PHYS, V83, P1575, DOI 10.1007/S12648-009-0141-9	3.0	0.008491549691751327	0.0	2009	-1	-1	0	3.0	0	10
YAKUBO K, 2014, PHYS REV E, V90, P0, DOI 10.1103/PHYSREVE.90.022803	3.0	0.021941487780480617	0.0	2014	-1	-1	0	3.0	0	5
KAUSHAL SS, 2005, P NATL ACAD SCI USA, V102, P13517, DOI 10.1073/PNAS.0506414102	2.0	0.0010246540608572893	0.0	2005	-1	-1	0	3.0	0	14
BROWN DG, 2008, GEOFORUM, V39, P805, DOI 10.1016/J.GEOFORUM.2007.02.010	2.0	0.003049898649643695	0.0	2008	-1	-1	0	1.0	0	11
HIDALGO CA, 2007, SCIENCE, V317, P482, DOI 10.1126/SCIENCE.1144581	3.0	0.011911586675052868	0.0	2007	-1	-1	0	7.0	0	12
ALTMANN EG, 2009, PLOS ONE, V4, P0, DOI 10.1371/JOURNAL.PONE.0007678	3.0	0.0029345729130820885	0.0	2009	-1	-1	0	3.0	0	10
LENORMAND M, 2014, PLOS ONE, V9, P0, DOI 10.1371/JOURNAL.PONE.0105184	3.0	7.331726873264888E-4	0.0	2014	-1	-1	0	1.0	0	5
BARENBLATT GI, 2003, SCALING, V0, P0	2.0	0.0038657320001019907	0.0	2003	-1	-1	0	7.0	0	16
ENGEL-YAN J, 2005, CAN J CIVIL ENG, V32, P45, DOI 10.1139/L04-116	2.0	3.496758309266568E-5	0.0	2005	-1	-1	0	6.0	0	14
PETERSEN AM, 2010, EPL-EUROPHYS LETT, V90, P0, DOI 10.1209/0295-5075/90/38006	3.0	0.0	0.0	2010	-1	-1	0	2.0	0	9
EWING R, 2008, HOUS POLICY DEBATE, V19, P1, DOI 10.1080/10511482.2008.9521624	3.0	0.0017619205874192044	0.0	2008	-1	-1	0	8.0	0	11
LABRA FA, 2007, P NATL ACAD SCI USA, V104, P10900, DOI 10.1073/PNAS.0704108104	2.0	1.1428106781642106E-4	0.0	2007	-1	-1	0	6.0	0	12
PETERSEN AM, 2012, SCI REP-UK, V2, P0, DOI 10.1038/SREP00943	3.0	0.0	0.0	2012	-1	-1	0	4.0	0	7
WANG LZ, 2001, ENVIRON MANAGE, V28, P255, DOI 10.1007/S0026702409	2.0	0.0	0.0	2001	-1	-1	0	8.0	0	18
MOSES ME, 2008, AM NAT, V171, P632, DOI 10.1086/587073	2.0	0.0	0.0	2008	-1	-1	0	4.0	0	11
CALABRESE F, 2011, PLOS ONE, V6, P0, DOI 10.1371/JOURNAL.PONE.0020814	3.0	4.2487981111742623E-4	0.0	2011	-1	-1	0	4.0	0	8
ROSVALL M, 2008, P NATL ACAD SCI USA, V105, P1118, DOI 10.1073/PNAS.0706851105	3.0	0.002400519578146589	0.0	2008	-1	-1	0	7.0	0	11
SETO KC, 2011, PLOS ONE, V6, P0, DOI 10.1371/JOURNAL.PONE.0023777	9.0	0.01700768579100715	0.0	2011	-1	-1	0	4.0	0	8
VAN ECK N, 2010, SCIENTOMETRICS, V84, P523, DOI 10.1007/S11192-009-0146-3	3.0	0.0	0.0	2010	-1	-1	0	8.0	0	9
MYLLYLA S, 2005, GLOBAL ENVIRON CHANG, V15, P224, DOI 10.1016/J.GLOENVCHA.2005.01.001	2.0	3.496758309266568E-5	0.0	2005	-1	-1	0	6.0	0	14
GRIMM NB, 2008, FRONT ECOL ENVIRON, V6, P264, DOI 10.1890/070147	3.0	0.0	0.0	2008	-1	-1	0	4.0	0	11
GROFFMAN PM, 2004, ECOSYSTEMS, V7, P393, DOI 10.1007/S10021-003-0039-X	2.0	0.01104779907904493	0.0	2004	-1	-1	0	4.0	0	15
TIZZONI M, 2014, PLOS COMPUT BIOL, V10, P0, DOI 10.1371/JOURNAL.PCBI.1003716	3.0	0.0014478123782024437	0.0	2014	-1	-1	0	1.0	0	5
ALBERTI M, 2004, URBAN ECOSYSTEMS, V7, P241, DOI 10.1023/B:UECO.0000044038.90173.C6	2.0	0.0	0.0	2004	-1	-1	0	8.0	0	15
MESOUDI A, 2011, PLOS ONE, V6, P0, DOI 10.1371/JOURNAL.PONE.0018239	4.0	0.0	0.0	2011	-1	-1	0	5.0	0	8
GABAIX X, 2009, ANNU REV ECON, V1, P255, DOI 10.1146/ANNUREV.ECONOMICS.050708.142940	2.0	0.0	0.0	2009	-1	-1	0	3.0	0	10
FORTUNATO S, 2010, PHYS REP, V486, P75, DOI 10.1016/J.PHYSREP.2009.11.002	4.0	0.01029609125735781	0.0	2010	-1	-1	0	5.0	0	9
SCHNEIDER A, 2008, URBAN STUD, V45, P659, DOI 10.1177/0042098007087340	3.0	0.0	0.0	2008	-1	-1	0	6.0	0	11
RATTI C, 2010, PLOS ONE, V5, P0, DOI 10.1371/JOURNAL.PONE.0014248	6.0	0.00459106530738533	0.0	2010	-1	-1	0	6.0	0	9
PARRISH DD, 2009, SCIENCE, V326, P674, DOI 10.1126/SCIENCE.1176064	2.0	0.0	0.0	2009	-1	-1	0	4.0	0	10
FLUSCHNIK T, 2016, ISPRS INT J GEO-INF, V5, P0, DOI 10.3390/IJGI5070110	4.0	5.513333063158785E-4	0.0	2016	-1	-1	0	2.0	0	3
SCELLATO S, 2006, EUR PHYS J B, V50, P221, DOI 10.1140/EPJB/E2006-00066-4	2.0	0.0	0.0	2006	-1	-1	0	2.0	0	13
COLIZZA V, 2006, P NATL ACAD SCI USA, V103, P2015, DOI 10.1073/PNAS.0510525103	2.0	0.0	0.0	2006	-1	-1	0	6.0	0	13
UN, 2007, URB POP DEV ENV, V0, P0	3.0	0.0015465471164339741	0.0	2007	-1	-1	0	4.0	0	12
LENZEN M, 2008, URBAN ENERGY TRANSITION: FROM FOSSIL FUELS TO RENEWABLE POWER, V0, P91, DOI 10.1016/B978-0-08-045341-5.00004-9	2.0	0.0	0.0	2008	-1	-1	0	4.0	0	11
SOLE R, 2006, SELF ORG COMPLEX ECO, V0, P0	2.0	0.0	0.0	2006	-1	-1	0	3.0	0	13
GORDON MB, 2009, EUR PHYS J B, V68, P133, DOI 10.1140/EPJB/E2009-00066-X	2.0	0.010605861406051175	0.0	2009	-1	-1	0	4.0	0	10
KEIZER K, 2008, SCIENCE, V322, P1681, DOI 10.1126/SCIENCE.1161405	2.0	0.0064547807765782525	0.0	2008	-1	-1	0	5.0	0	11
KESTING A, 2008, TRANSPORT RES C-EMER, V16, P668, DOI 10.1016/J.TRC.2007.12.004	2.0	0.0	0.0	2008	-1	-1	0	5.0	0	11
BARRAT A, 2008, DYNAMICAL PROCESSES, V0, P0	2.0	0.0	0.0	2008	-1	-1	0	4.0	0	11
FRAGKIAS M, 2009, COMPUT ENVIRON URBAN, V33, P189, DOI 10.1016/J.COMPENVURBSYS.2008.08.005	2.0	7.847766086693636E-4	0.0	2009	-1	-1	0	1.0	0	10
FU DF, 2005, P NATL ACAD SCI USA, V102, P18801, DOI 10.1073/PNAS.0509543102	2.0	3.092771659147855E-4	0.0	2005	-1	-1	0	8.0	0	14
PATAKI DE, 2011, FRONT ECOL ENVIRON, V9, P27, DOI 10.1890/090220	6.0	0.010659532298799977	0.0	2011	-1	-1	0	4.0	0	8
CAMINHA C, 2017, PLOS ONE, V12, P0, DOI 10.1371/JOURNAL.PONE.0171609	4.0	7.390506834241145E-4	0.0	2017	-1	-1	0	1.0	0	2
OVENDEN M, 2007, TRANSIT MAPS WORLD, V0, P0	2.0	0.0	0.0	2007	-1	-1	0	5.0	0	12
ORTMAN SG, 2014, PLOS ONE, V9, P0, DOI 10.1371/JOURNAL.PONE.0087902	18.0	0.01527949447434963	0.0	2014	-1	-1	0	2.0	0	5
ALBERTI M, 2008, ADV URBAN ECOLOGY IN, V0, P0	3.0	0.011023732086918625	0.0	2008	-1	-1	0	8.0	0	11
POWELL A, 2009, SCIENCE, V324, P1298, DOI 10.1126/SCIENCE.1170165	4.0	0.00138813101616588	0.0	2009	-1	-1	0	8.0	0	10
KUHNERT C, 2006, PHYSICA A, V363, P96, DOI 10.1016/J.PHYSA.2006.01.058	7.0	4.2707696991259634E-4	0.0	2006	-1	-1	0	7.0	0	13
KONAR M, 2011, WATER RESOUR RES, V47, P0, DOI 10.1029/2010WR010307	3.0	0.0	0.0	2011	-1	-1	0	7.0	0	8
SWILLING M, 2013, CITY LEVEL DECOUPLIN, V0, P0	3.0	0.005673389794192207	0.0	2013	-1	-1	0	4.0	0	6
GABAIX X, 2003, NATURE, V423, P267, DOI 10.1038/NATURE01624	2.0	0.0	0.0	2003	-1	-1	0	5.0	0	16
HANLEY QS, 2016, PLOS ONE, V11, P0, DOI 10.1371/JOURNAL.PONE.0149546	4.0	4.1701016502421363E-4	0.0	2016	-1	-1	0	2.0	0	3
COHEN B, 2004, WORLD DEV, V32, P23, DOI 10.1016/J.WORLDDEV.2003.04.008	2.0	7.34822919188306E-4	0.0	2004	-1	-1	0	6.0	0	15
GIESEN K, 2010, J URBAN ECON, V68, P129, DOI 10.1016/J.JUE.2010.03.007	6.0	0.01205355954126697	0.0	2010	-1	-1	0	7.0	0	9
CESARETTI R, 2016, PLOS ONE, V11, P0, DOI 10.1371/JOURNAL.PONE.0162678	3.0	6.949383567077243E-4	0.0	2016	-1	-1	0	2.0	0	3
VAN RAAN AFJ, 2016, PLOS ONE, V11, P0, DOI 10.1371/JOURNAL.PONE.0146775	3.0	0.0	0.0	2016	-1	-1	0	2.0	0	3
KOSSINETS G, 2006, SCIENCE, V311, P88, DOI 10.1126/SCIENCE.1116869	4.0	1.4403313691456094E-4	0.0	2006	-1	-1	0	4.0	0	13
SOBOLEVSKY S, 2013, PLOS ONE, V8, P0, DOI 10.1371/JOURNAL.PONE.0081707	3.0	0.0	0.0	2013	-1	-1	0	3.0	0	6
MARQUET PA, 2012, P NATL ACAD SCI USA, V109, P14754, DOI 10.1073/PNAS.1116724109	3.0	7.501425030643633E-4	0.0	2012	-1	-1	0	5.0	0	7
BLASIUS B, 2009, PHYS REV LETT, V103, P0, DOI 10.1103/PHYSREVLETT.103.218701	2.0	0.0	0.0	2009	-1	-1	0	3.0	0	10
SACHSIDA A, 2010, EMPIR ECON, V39, P93, DOI 10.1007/S00181-009-0296-4	2.0	0.0017758626726664206	0.0	2010	-1	-1	0	3.0	0	9
SETO KC, 2012, P NATL ACAD SCI USA, V109, P16083, DOI 10.1073/PNAS.1211658109	6.0	0.0	0.0	2012	-1	-1	0	6.0	0	7
PAUL MJ, 2001, ANNU REV ECOL SYST, V32, P333, DOI 10.1146/ANNUREV.ECOLSYS.32.081501.114040	2.0	0.0	0.0	2001	-1	-1	0	7.0	0	18
ANDERSON C, 2006, LONG TAIL WHY FUTURE, V0, P0	2.0	0.0	0.0	2006	-1	-1	0	6.0	0	13
HOU C, 2008, SCIENCE, V322, P736, DOI 10.1126/SCIENCE.1162302	2.0	0.0	0.0	2008	-1	-1	0	4.0	0	11
COTTINEAU C, 2017, COMPUT ENVIRON URBAN, V63, P80, DOI 10.1016/J.COMPENVURBSYS.2016.04.006	5.0	3.8726646926707516E-4	0.0	2017	-1	-1	0	1.0	0	2
OLIVEIRA M, 2017, PLOS ONE, V12, P0, DOI 10.1371/JOURNAL.PONE.0183110	3.0	0.0	0.0	2017	-1	-1	0	1.0	0	2
POUMANYVONG P, 2010, ECOL ECON, V70, P434, DOI 10.1016/J.ECOLECON.2010.09.029	3.0	0.0023760672254048093	0.0	2010	-1	-1	0	6.0	0	9
LEWIS DB, 2006, GLOBAL CHANGE BIOL, V12, P703, DOI 10.1111/J.1365-2486.2006.01126.X	2.0	0.0	0.0	2006	-1	-1	0	2.0	0	13
DHAKAL S, 2009, ENERG POLICY, V37, P4208, DOI 10.1016/J.ENPOL.2009.05.020	3.0	1.2238654104143723E-4	0.0	2009	-1	-1	0	3.0	0	10
MONTGOMERY MR, 2008, SCIENCE, V319, P761, DOI 10.1126/SCIENCE.1153012	3.0	0.0	0.0	2008	-1	-1	0	6.0	0	11
VIBOUD C, 2006, SCIENCE, V312, P447, DOI 10.1126/SCIENCE.1125237	2.0	0.0	0.0	2006	-1	-1	0	6.0	0	13
HATT BE, 2004, ENVIRON MANAGE, V34, P112, DOI 10.1007/S00267-004-0221-8	2.0	0.01005317986450062	0.0	2004	-1	-1	0	5.0	0	15
EWING R, 2010, J AM PLANN ASSOC, V76, P265, DOI 10.1080/01944361003766766	3.0	0.0	0.0	2010	-1	-1	0	8.0	0	9
UN U, 2012, WORLD URB PROSP 2011, V0, P0	4.0	0.0	0.0	2012	-1	-1	0	3.0	0	7
KAUFMANN RK, 2007, J CLIMATE, V20, P2299, DOI 10.1175/JCLI4109.1	2.0	3.165570907243187E-4	0.0	2007	-1	-1	0	3.0	0	12
SETO KC, 2010, ANNU REV ENV RESOUR, V35, P167, DOI 10.1146/ANNUREV-ENVIRON-100809-125336	10.0	0.019690065577744553	0.0	2010	-1	-1	0	5.0	0	9
ALVES LGA, 2013, PHYSICA A, V392, P2672, DOI 10.1016/J.PHYSA.2013.02.002	8.0	0.01054738633160408	0.0	2013	-1	-1	0	2.0	0	6
MARSHALL S, 2006, STREETS PATTERNS, V0, P0	2.0	8.644687441574769E-4	0.0	2006	-1	-1	0	7.0	0	13
GOMEZ-LIEVANO A, 2017, NAT HUM BEHAV, V1, P0, DOI 10.1038/S41562-016-0012	4.0	2.3770159619407885E-4	0.0	2017	-1	-1	0	1.0	0	2
BENGUIGUI L, 2007, COMPUT ENVIRON URBAN, V31, P648, DOI 10.1016/J.COMPENVURBSYS.2006.11.002	2.0	0.0	0.0	2007	-1	-1	0	5.0	0	12
CASTELLANO C, 2009, REV MOD PHYS, V81, P591, DOI 10.1103/REVMODPHYS.81.591	9.0	0.03006886217246254	0.0	2009	-1	-1	0	5.0	0	10
COSTANZA R, 2014, GLOBAL ENVIRON CHANG, V26, P152, DOI 10.1016/J.GLOENVCHA.2014.04.002	3.0	0.006345436972012122	0.0	2014	-1	-1	0	3.0	0	5
CRANE P, 2005, SCIENCE, V308, P1225, DOI 10.1126/SCIENCE.1114165	5.0	0.023254399133925272	0.0	2005	-1	-1	0	8.0	0	14
KALUZA P, 2010, J R SOC INTERFACE, V7, P1093, DOI 10.1098/RSIF.2009.0495	3.0	6.280141337319786E-4	0.0	2010	-1	-1	0	2.0	0	9
UNITED N, 2014, WORLD URB PROSP 2014, V0, P0	4.0	0.0	0.0	2014	-1	-1	0	3.0	0	5
OLIVER-SOLA J, 2009, ENERG POLICY, V37, P4711, DOI 10.1016/J.ENPOL.2009.06.025	2.0	7.168694384031879E-4	0.0	2009	-1	-1	0	2.0	0	10
BETTENCOURT LMA, 2008, EUR PHYS J B, V63, P285, DOI 10.1140/EPJB/E2008-00250-6	2.0	0.010605861406051175	0.0	2008	-1	-1	0	5.0	0	11
BATTY M, 2011, ENVIRON PLANN A, V43, P765, DOI 10.1068/A43403	2.0	0.0	0.0	2011	-1	-1	0	0.0	0	8
FACCHINI A, 2017, APPL ENERG, V186, P86, DOI 10.1016/J.APENERGY.2016.09.025	3.0	0.0016046193634385994	0.0	2017	-1	-1	0	1.0	0	2
GALLOS LK, 2012, SCI REP-UK, V2, P0, DOI 10.1038/SREP00454	3.0	0.0	0.0	2012	-1	-1	0	3.0	0	7
RYBSKI D, 2013, PHYS REV E, V87, P0, DOI 10.1103/PHYSREVE.87.042114	4.0	0.0	0.0	2013	-1	-1	0	2.0	0	6
CARPENTER SR, 2009, P NATL ACAD SCI USA, V106, P1305, DOI 10.1073/PNAS.0808772106	3.0	0.0013556480272565534	0.0	2009	-1	-1	0	6.0	0	10
CLARK WC, 2003, P NATL ACAD SCI USA, V100, P8059, DOI 10.1073/PNAS.1231333100	3.0	0.0	0.0	2003	-1	-1	0	8.0	0	16
BLONDEL VD, 2008, J STAT MECH-THEORY E, V0, P0, DOI 10.1088/1742-5468/2008/10/P10008	4.0	0.017414988842345363	0.0	2008	-1	-1	0	7.0	0	11
